Disaster Type,Severity,Area Size (sq km),Population Affected,Duration (days),Rice Supply (kg),Vegetables Supply (kg),Dry Food Supply (kg),Water Supply (liters)
Earthquake,4,870,38258,11,177751.56809382336,85797.92907079536,62441.83092136199,1465434.092422624
Earthquake,5,3181,16123,3,17492.492112367494,10582.962785568941,7737.747542786268,172543.86574640896
Drought,4,1194,19869,22,157609.5847364026,79084.48004437015,65892.5834982848,1621355.7931733115
Drought,4,2757,289,15,1775.0562680367148,846.6189092857262,713.0941766991729,16298.904276668107
Flood,3,656,30840,9,101366.05761191955,60495.70678880141,45511.22481300524,1115362.8673330063
Flood,2,2622,23583,7,67485.06866107303,35216.365968972714,23144.511310971495,611217.8303522102
Storm,4,3083,1121,6,2533.2492499561154,1363.4140961966905,914.3283961516826,27200.68099720195
Drought,2,4307,26657,4,43486.310315253475,23124.9442372818,14677.853355263762,379047.5083150997
Flood,5,347,17362,21,148371.17188026963,79705.72062156477,55861.04702325181,1318193.512299184
Flood,5,74,49084,7,135329.7334362352,67272.90204267632,49409.550449250644,1174094.6292021621
Earthquake,1,401,14086,3,17820.267384820378,7731.599155719168,6159.2713427047165,147658.4478010816
Earthquake,1,4885,48133,1,17572.620325945376,9262.6804836456,6967.516465173402,190549.49207573317
Drought,3,1580,5156,3,5716.470703693893,3225.5388147506114,2441.2146939601853,59263.891618847774
Earthquake,3,4498,306,15,1693.1191094021044,906.8621817425554,647.4267341615841,18748.282062435082
Flood,4,4201,22503,5,42749.32921301486,22099.66938341416,17739.850090595133,402769.9692718495
Drought,3,3324,22399,2,18364.865011863814,8593.391914326317,6189.507955556294,168086.42661618954
Drought,4,1373,49025,11,208131.89289620955,99703.05927084823,78566.40049886882,2207235.9277156424
Flood,1,1316,6876,20,53386.021529846,26430.140744875687,19244.50418772652,524061.9985530507
Storm,5,4789,763,15,4274.2872782135355,2160.2502597205516,1736.699322392654,42486.174568163784
Storm,1,4669,17775,7,49742.611627652805,23893.971347958068,17860.613355387493,427328.133927413
Flood,2,4747,47423,22,378348.7222351632,202195.6761397491,160700.98692105003,4091631.238952727
Flood,4,2787,38659,6,87995.09507585429,47987.90115051933,36613.61148761872,831877.8820115644
Earthquake,5,2941,40645,6,95574.10534231627,51860.72963688046,38763.222768899475,858567.058997265
Earthquake,5,1804,49911,28,578855.0092951589,252478.70494517242,210133.20437153138,5000223.952958628
Drought,4,498,19460,8,60861.35669696542,33855.60498586139,21659.077817539448,570518.5076153488
Flood,2,4071,30406,7,87860.90594608056,45269.128301409095,32278.771534273583,810384.3125176261
Storm,1,3733,21032,5,45283.04302798328,19722.57758052718,15076.383343157815,413980.3094557521
Drought,3,4509,6395,22,59426.05524373673,28937.297291897874,19348.2795502546,496474.3196459802
Storm,4,263,48454,16,285388.41873667936,160123.08142103153,104778.36191216865,2735311.016732821
Storm,2,2879,46860,4,78157.66985995058,35517.99875841601,27134.187582689196,744435.5781743192
Drought,3,4506,4835,1,1950.4545611786352,968.7046424606162,745.0250462678642,17387.141549969205
Storm,5,572,10777,8,35390.89982231841,18259.89805384587,12939.220788574718,331346.73140492826
Drought,1,4558,27743,29,321766.8828964911,163226.63049844606,127163.97979644293,2767245.887301562
Drought,4,2215,43584,14,264321.62353337224,118866.15820348266,82656.69769341353,2507357.8883848647
Flood,5,616,799,1,292.45613268391173,153.59007673641835,112.4411374166738,2884.178637866013
Earthquake,2,1826,32845,22,300367.93366234953,146543.02003579497,99656.2128790146,2797912.175458999
Storm,2,164,10829,2,8355.74435615037,4633.6596167391435,3012.598343891144,85400.64793890707
Earthquake,5,2816,49789,3,56833.62900350988,30539.658738034967,20530.169338315278,509404.94218025735
Drought,5,4125,2468,8,8216.610721966088,4182.405218613856,3192.6079640653807,72309.68191729569
Drought,2,4939,11066,22,94033.87385616469,45331.167667024114,40036.95383822927,983928.9474819637
Storm,1,1725,4877,6,11244.252439229429,5895.804239385141,4237.124059123073,118019.40581114615
Drought,4,14,21706,4,37105.26491718722,16303.394082862835,12792.701743579231,341741.9332780517
Drought,4,4374,37333,28,436075.3130145444,189875.47443591454,153625.65179945636,3903945.617038575
Storm,2,750,32317,21,248707.32039244223,133785.40466477716,105636.35331461164,2341741.643146859
Storm,1,2859,46275,22,424697.5503283839,210133.55757469946,145986.35111357452,4203867.4784272285
Earthquake,5,2304,8230,12,40025.746792671605,18403.516926766897,13688.623818518558,361985.31516487827
Drought,5,3128,13396,14,82211.94580638339,35073.205605445044,25414.99385045801,747244.099932319
Flood,4,1767,37320,23,312309.7486539013,187093.1492067513,138711.32931723457,3093526.4124524165
Storm,2,3740,35357,1,14254.181475446485,7331.576279784404,5426.434488580025,145707.11432507823
Storm,1,905,22787,27,260912.30020832416,127409.90581931149,93641.51997064847,2155693.9218668956
Flood,3,3508,38255,3,48847.90293803278,23648.405993690365,16204.87891683764,414747.92212419654
Drought,2,2556,34950,23,293963.9996051804,154949.3424164656,128894.34056168387,2752476.3341747215
Storm,3,626,20458,4,33995.56830659831,15869.963240624564,13346.753746879689,281188.1764817828
Flood,5,2818,44525,5,93513.4487267237,47257.363353174995,36669.711217136995,827909.3333140616
Storm,1,2153,23290,5,44144.76834580681,24127.71698477535,18305.621254622904,417688.0731602147
Storm,1,3962,14497,20,123548.24621786231,55901.007252912634,46931.34014610565,1073104.376992263
Drought,5,4181,4460,7,13628.90589069184,6464.75025664507,4666.629121435299,118002.87160397628
Drought,5,3150,37359,25,377602.58466517366,176062.80143021018,152598.28644563782,3733977.048405303
Earthquake,5,2992,23025,26,236659.7787717738,129013.96436033025,87120.00816792906,2092353.4272239807
Drought,1,963,35407,17,221560.25280713232,110370.43938519734,93916.86415916226,2083591.7325729912
Storm,3,2691,18024,29,191718.1067041179,114713.78244497004,76432.85543575622,1927219.9319513796
Drought,1,520,40362,25,411037.6265526094,195764.5088733181,157659.45706209683,3805250.56317333
Drought,3,723,28278,7,78140.40038472605,37638.8948635797,29128.953968101032,759935.494181554
Drought,4,465,13216,9,49901.4009058771,24650.142144664595,16904.939091642347,441219.048609716
Drought,1,833,17412,6,41256.71015996802,22156.87829857284,17168.617159982885,399855.6955065806
Earthquake,5,4185,27609,21,254780.84529417707,106073.47745885489,87905.07365096272,2400478.376002815
Storm,1,3386,38513,15,228977.0880328815,118486.58660296653,88115.48869279247,2362008.0364910383
Flood,3,1363,11075,16,76412.37940043763,35125.69506374514,27218.624889912968,640839.8228375624
Drought,4,4195,36587,26,359911.4803671026,181346.22569509328,138703.8478786546,3427665.2858139235
Earthquake,1,2518,35647,16,212746.631727139,123445.32566121731,91071.59284727146,2352986.340070428
Drought,5,1848,10236,2,7505.442052397023,4402.840557594914,3102.483207801666,72292.3546544555
Drought,1,4479,27812,18,219761.45814025044,93122.92409426736,76506.10026590174,1849693.2072119792
Storm,3,4794,46640,1,18539.187917826996,9169.08726356115,6678.951175045444,160869.58034499604
Storm,4,2010,32706,5,71909.20175733567,33068.58987268791,25849.125360134065,674019.5826344088
Storm,3,2058,45206,13,240062.919745986,111156.77386610658,91178.84144430795,2276913.205648532
Drought,2,259,43225,3,52079.176160535826,27761.76544215227,19653.180579542444,496801.78851435037
Storm,3,1858,23028,16,146791.03811648185,72518.4626631036,58413.76357541259,1433445.6718336155
Earthquake,3,2160,15881,28,194958.91192331025,90856.12831520365,68523.04071621412,1701520.0634935757
Earthquake,2,1341,29020,6,68964.20216832738,37682.850359823125,25062.62099107453,662155.1886228984
Flood,5,4902,39911,10,173264.43096625636,79696.14134923898,56971.88753441991,1498285.1884558953
Storm,5,4310,39137,11,174945.98834716997,83373.07412176064,65057.314852179734,1616472.0762138416
Drought,3,3455,22515,8,67437.89736764446,37439.75376387286,26540.65253790234,732792.719848688
Earthquake,5,681,10261,29,111702.38008303019,54048.869330952,41679.91013349963,1076423.9838867185
Flood,5,533,18877,14,102841.56082704506,52891.72438027921,41151.214935615346,908127.732605545
Flood,1,2271,10578,24,109136.09219673887,55048.3087227125,34737.89951472822,918025.6200938533
Flood,1,1286,22295,15,134748.94614274512,72557.40661158015,47516.273147633634,1331608.8648389017
Storm,2,374,39677,14,206537.345223511,102943.78101031663,86440.68961831294,2247320.4464765596
Earthquake,4,3355,40541,6,97933.12156768951,46143.47920508534,34802.98016866539,898089.5566986802
Storm,1,1306,30026,22,255112.76647382957,122067.42043760426,106824.94160678743,2547066.207551433
Drought,2,76,16716,13,86568.24218944102,44193.48886497067,34140.10255449353,832009.5072411725
Drought,1,2482,19223,26,204219.67079935066,94848.72873579693,74943.42608668514,1827548.2722571595
Flood,1,1470,27385,21,214063.15984462574,109173.1640091202,80408.63842622915,2040247.0185490947
Storm,1,4864,24918,8,82878.64686031776,43833.796292914834,32273.456287868794,765985.4602494821
Earthquake,4,655,217,17,1472.8697797348525,770.6905480175094,588.8597392338816,14572.92287619185
Earthquake,2,1151,26486,20,212210.50958373837,100485.97133819666,73337.14088402552,2049348.6202038114
Drought,5,1927,20718,4,31959.700779891464,16885.611202432727,12105.686053910644,310801.56221306213
Flood,2,2229,39909,13,215187.50854050973,95210.55879482326,72201.03457448607,1768414.8012509935
Flood,3,2968,14331,6,33787.964227509365,16677.39147067864,14005.90478991881,346977.490781313
Drought,2,4439,2008,24,21169.50986635477,9069.737889203425,7054.193518997265,197964.16812057802
Drought,4,3860,41932,5,78859.45471369682,39111.28419924895,29337.29901582636,843490.0780336898
Earthquake,2,2631,20711,25,222734.40080156058,101327.43061983021,82584.06824317189,1935921.9570047033
Storm,3,4680,18674,1,7069.547189533734,4033.2662232531725,2736.0535400377003,71296.76273923108
Drought,3,3120,2070,6,5405.0171980223495,2547.4453607658807,1801.4858320212304,43618.15767085681
Earthquake,5,2045,25153,7,71458.7794543678,38719.36946313309,27743.876092450668,694016.280391239
Earthquake,1,2253,19129,2,16106.491551925388,8228.171989249242,5557.450906271196,154110.56110534142
Earthquake,4,3238,20203,5,40295.75208350291,19835.124288531646,15976.174748103951,345040.7463661069
Earthquake,3,1965,33661,11,151041.81615403722,78894.36515086782,60640.11249774052,1357336.048516926
Storm,2,2359,25038,12,130081.88218810578,55754.01180909792,41470.090297312236,1081732.8657974384
Drought,4,2740,20015,12,97323.49504275649,49925.26379515009,39071.27704113488,946760.6534183699
Storm,1,613,44509,9,157801.0550752785,83904.8027340315,65307.1251942956,1645248.4029748132
Earthquake,1,2871,22216,21,174130.66214597714,87453.49591342677,74703.948082142,1706558.2858922093
Storm,3,2718,11794,9,44532.48988356462,19979.13897359362,16838.332365824655,410096.8966602197
Earthquake,4,546,34493,11,164607.66720237414,75364.03350042285,56695.323262124715,1556305.964755188
Drought,3,964,5071,27,50832.977652747286,25611.075081258907,20530.845610205142,509827.77843774937
Drought,1,4390,28834,11,130225.66346052714,57257.44884695793,49132.19407296085,1123199.7944752516
Drought,1,698,37111,22,350131.61007605976,164433.6956586254,114737.76707000862,2966373.905843596
Drought,5,999,26938,19,192850.66403754952,110513.71770120504,72245.81943212345,1817403.458118098
Flood,5,295,7411,8,24129.995943026384,11369.17283766612,9273.93425511418,225645.93821899185
Storm,4,2171,11585,6,29279.593207753154,12798.129705132791,10081.09677042575,240758.73178523235
Earthquake,2,1491,10193,2,8005.556384960465,3690.1810498596724,2847.609805497215,80493.93706196327
Flood,1,4418,11098,3,12601.31234220826,6887.719880215042,4514.377279319814,116039.91768434597
Earthquake,5,3685,35922,8,105741.52557484878,54522.954062426375,45022.62545426856,1165097.6615614134
Earthquake,4,174,21489,23,213369.8231437287,89221.50646757643,67991.21504547684,1761432.0040659993
Earthquake,5,924,13959,29,159379.74349999198,87320.51312131126,64576.78937012701,1483735.839436334
Storm,2,4812,37434,23,328417.357568237,176471.99899911054,126807.45189380756,3292739.316199275
Storm,5,3587,43961,12,195824.65470707428,113281.54593045512,78930.88664624888,2154269.786495926
Drought,1,3963,36054,17,233824.6551807602,123604.3343832604,94392.03610618209,2207559.6183159235
Storm,3,2551,41501,29,449800.11993741785,229744.4105751412,163140.4263766349,4932813.08066924
Flood,2,50,31753,2,25677.65025822144,13085.844127306942,10154.117489586886,226256.6938883127
Storm,5,2084,40860,6,102617.7897004019,46587.56514973126,37752.90963638135,926867.9060646233
Storm,5,3482,35837,21,293995.0195339538,151084.88119554572,102658.2601913301,2658385.3168779165
Earthquake,1,2876,21272,4,35879.81203455703,15548.129237166759,13623.641314828183,318012.6051638986
Drought,1,196,11146,8,36140.8935172795,17748.178490531573,13813.0269141917,366986.96428645536
Flood,1,1795,40583,15,231920.3540517838,124064.12859696506,83119.7312048841,2302425.319162455
Flood,3,491,47404,26,490461.3903937953,238828.89309117786,179386.2796427571,4583663.540638848
Flood,3,1649,45180,7,115774.77602907975,57910.56270873645,42717.295670379266,1309015.4586453806
Storm,2,2332,26312,12,134063.14059437052,68984.99676049223,50108.70123321527,1240638.4052752205
Flood,4,1351,44723,24,451528.48114347405,220636.064025892,169343.89928642448,4244727.42980826
Drought,1,3736,25164,13,135299.6352010547,59461.677118759224,49936.01698035263,1361853.9833281182
Storm,5,3167,29021,7,73684.60189694155,42233.613401215756,29237.01176402135,834176.0091239321
Storm,3,4832,34368,18,259577.8248813059,112710.38810412244,91961.12421035422,2351997.9153609006
Earthquake,1,1192,35535,28,396484.5562549752,214318.6265909414,150150.3960500722,3721584.732484213
Earthquake,4,48,28635,17,196213.49228079326,100506.71723813331,76492.85994153786,1849951.100431652
Flood,2,1141,15329,2,11096.726332876828,6585.45965104219,4158.392327935535,124736.64613803223
Flood,2,3820,30686,7,77491.71920914149,39117.02373342323,29568.84905059879,737836.4405932362
Drought,1,281,19995,12,105268.07900797432,50562.78091690611,35399.06885139691,893888.6121386548
Flood,1,3770,2150,13,10854.935144484778,5352.133192669264,4021.7043590023477,100154.38283787666
Flood,1,2642,4594,17,30562.12245727366,14446.372973990796,12784.05459443988,313218.1141511308
Flood,3,4815,906,24,9365.921806439314,4436.470456777567,3524.957218267773,90353.12536598914
Earthquake,4,4877,49088,22,441282.30746514373,216535.31119332497,153264.61901361687,3823115.689416329
Storm,1,2810,43613,3,55750.03416255894,27741.89620377544,20135.250410006814,467128.89296951034
Flood,3,1923,30548,29,337364.2127041052,177718.7205666809,132649.5614965437,3685954.039077435
Earthquake,3,4079,7387,29,86322.86174363969,43640.99486646377,32648.139231049186,744586.7781692696
Flood,3,2692,32384,9,105958.86758773944,62397.156738207435,39656.28185429386,1065444.1880221476
Flood,5,1428,15685,24,143126.97799445086,67835.72482852392,58676.2406520108,1296244.4772541823
Storm,5,3397,10003,13,56119.422059452525,28564.23844427708,17795.253377253717,529890.7254876015
Storm,5,2172,19229,3,22372.445582100307,11948.168711706989,8766.806394210755,208171.6387846964
Storm,3,2393,19723,28,236386.1325121537,118562.2407485938,86288.61611139054,2231131.5265012127
Flood,5,4461,20770,27,235653.6771438024,104499.96627989212,90526.15539153501,2280444.4318666565
Earthquake,2,2729,22990,21,202521.06808440204,90006.73080852651,77023.83898723326,1948745.9022505975
Flood,4,304,10277,13,54690.12425775341,29291.678182825675,20568.462570688618,481387.2903029509
Drought,5,4780,1107,6,2541.6771089903996,1200.4558763143698,982.798298598422,26850.098875053838
Drought,4,2392,25921,5,47720.661863698566,28187.679923531217,20171.277871163908,448154.99318831164
Earthquake,1,927,8173,22,69705.50791507868,36830.853423507964,24520.55076395078,731136.752054045
Drought,5,4821,12039,27,120401.8738090546,68368.56906505267,44121.91652867048,1112736.8788839325
Storm,3,2516,29341,23,267016.62560635235,128857.94161414074,111290.87967179791,2516570.019188437
Flood,1,48,3442,23,33730.54746762517,15194.72440815015,12682.267717153825,315993.21416952746
Drought,3,3788,44513,12,193633.78549616947,111772.57175577583,86685.8992400953,2166281.190275283
Drought,3,4675,45023,6,102219.23818609651,50927.54714143713,36720.94496646768,1053487.3564651571
Drought,2,2265,20094,8,59918.64567358947,30245.17532894639,22141.16622485328,566300.2215715097
Earthquake,2,4454,17443,12,75898.41998291128,45386.80752453554,32129.90331702669,839248.0496956629
Flood,1,3975,13647,20,107654.21527630877,51318.4487562236,40872.17446762823,943036.6767749623
Storm,5,126,35301,24,334365.203492061,185858.96547142073,118177.08931210155,3184038.200647187
Storm,2,1399,41225,11,188463.55286489872,97227.260162615,71828.41281565235,1558362.9606464086
Storm,3,1586,43508,12,229165.16746355235,96953.13411866834,78296.98528093017,2022831.6576522668
Drought,1,723,9227,18,64128.612227280944,33334.86624012773,22859.411861309065,609855.2669440836
Flood,5,927,43301,6,105326.2014098754,53930.16543086707,41313.72683846203,924393.3164076942
Earthquake,4,1905,6190,29,74769.15661293309,32538.601154306045,29275.633809696144,618563.1444021048
Drought,1,725,36779,18,271445.1553411327,139909.68319493282,101532.81768987047,2497934.5417983155
Earthquake,4,217,999,6,2549.7506266524156,1187.3678318961079,924.9181411502391,22807.090965085856
Storm,3,2144,44655,13,231243.6885777971,118790.59919471206,84099.51173738934,2184146.0196840735
Flood,5,3712,2456,23,20532.988777645878,10533.142346950584,7661.232121089011,220360.82372302352
Flood,1,1092,48870,28,514453.2726522724,283536.6847125313,187692.40244732235,4693069.689044181
Flood,4,3898,7105,21,62393.58088435857,31289.521059825725,22047.246988989755,547339.5620361681
Drought,4,965,39163,18,302672.23845500656,143205.23881866288,104441.93765732985,2788380.570175423
Drought,4,2635,27058,2,22914.688961254273,11158.739415209537,8916.368596412754,195974.4852543304
Flood,4,3724,48464,18,358122.1456894521,182604.66445320062,121210.71999768406,3444376.7520698947
Drought,2,949,625,14,3508.830643644064,1719.5609111266942,1199.3973563739876,32702.549244175454
Storm,4,4486,34514,14,193851.17489195286,93918.48508641958,73826.80438829854,1705820.833421158
Earthquake,1,2050,2213,3,2738.8459772711717,1281.3774734555102,1050.3176424430003,23273.48826676641
Flood,3,3091,44838,22,368513.3847090347,198067.42938871216,143141.82196038516,3979248.010674188
Flood,5,2370,17059,22,140139.85253076587,68104.1485274122,58956.33610350314,1467039.8922868082
Flood,1,3578,9947,12,47233.467769786264,25611.771993275983,18112.795582575658,455398.573714141
Drought,2,2391,16101,9,58324.939610648136,31512.523770590833,19733.75199404199,507027.49142566416
Storm,5,3838,38046,5,70054.99703309614,38690.27629380775,29608.58346971407,705242.7025665165
Storm,3,135,45372,18,357588.56307664484,165956.29350173482,116482.6859251189,3104628.7195208804
Earthquake,4,3933,39162,13,189124.42222147417,110777.79579954827,79923.00710163261,1796850.4738260144
Flood,1,1024,42859,29,491571.32230608515,266884.922301224,174398.42765855519,4885656.739584883
Earthquake,2,2484,22573,18,154209.07697285415,86640.40140491255,65391.47023716704,1620489.5950473796
Earthquake,1,4919,30759,1,12551.171913534374,6694.235403424102,4915.447116722809,120310.67380658037
Flood,2,3301,4133,18,30382.235369971215,14337.543636794657,11976.92514696155,309364.1802452184
Flood,1,3838,19714,9,65422.070842053596,36553.38718484372,28025.452630040243,728730.4273856878
Earthquake,2,1010,48506,19,395844.3184885559,179739.51226982905,132625.85638813794,3592312.6844907333
Flood,1,3157,37674,15,234880.83785380065,110502.92274435543,83896.68759240655,2026665.8077953823
Flood,3,3348,39878,8,131902.71358769725,65329.611525814864,47504.21171488301,1178473.9655030754
Storm,2,2511,26623,21,237666.9118218064,103070.71573258785,77975.16941434152,2127397.0337235313
Earthquake,4,2840,8334,16,53864.72737674164,27985.575819696605,20863.63258548737,506850.44323072827
Flood,3,1024,4531,15,24854.96508434394,14829.038757648552,10510.161458384448,251077.4178479373
Drought,5,150,37750,2,28184.642910768584,15454.402307387183,11377.286901177742,295489.0837141365
Flood,4,115,42741,2,32637.875586456317,16800.800171863604,11852.642010918868,302916.5845835711
Earthquake,4,3664,23586,24,239712.5828940958,106085.56621465653,92003.83935090921,2110211.4531591795
Storm,1,1718,13773,15,90098.61387865477,42158.69975932525,32967.53467239834,842049.0516616667
Flood,2,4626,16493,24,155515.37770084222,84547.51916945359,64125.058589426444,1454302.5949990004
Storm,3,1326,45205,24,461968.8581153489,213674.48424594465,168191.34710217908,3774241.6467229296
Drought,2,3050,42522,18,284910.0151375183,144973.215026604,123288.29519008251,2881317.335528326
Flood,1,671,11795,5,24259.821539091332,12047.634831133435,8928.86939744437,211253.40105503384
Storm,5,450,7521,25,82547.26979507234,34870.66337897919,29304.511643243964,698055.8440342168
Storm,5,4018,32596,11,157513.82272623057,66381.54171398054,49524.934183337675,1418026.047888211
Storm,5,4141,45899,5,99035.18678248336,43070.40366745312,33208.189699431045,821151.2163490156
Flood,4,1814,6804,28,69614.8003772064,40391.260760730154,27054.868684467616,726858.341655477
Storm,2,76,40847,29,469736.90775643394,222239.41161902176,161775.96587154883,4374599.039398705
Storm,1,3884,9786,20,71400.88474350606,39631.70931214499,32044.99262050179,692693.0709518285
Earthquake,1,4416,307,10,1128.9437360332345,607.9055509725052,484.09264259125223,11265.707746616152
Drought,4,2572,34547,13,165985.28183401178,98340.30202111027,60899.80670208609,1780520.9627611537
Drought,4,2378,32476,21,250588.74438001332,129771.48830070451,108189.84013222114,2769631.7548361346
Flood,4,1533,19269,29,202784.87654380943,107359.71713722423,79848.96201536247,2055897.7570660396
Flood,2,2506,38167,23,382204.03705885797,188677.409138573,122768.6327117264,3512865.897521793
Earthquake,4,253,36975,15,217287.82235453415,111806.46814718934,85322.6789405707,2172437.274212621
Storm,3,3929,31850,20,271042.7358076248,122878.01287552666,86432.50099529365,2244099.9764902717
Earthquake,2,4371,5756,2,4266.369922608333,2469.1004287968976,1872.803423315706,43460.170004748805
Storm,5,2956,35398,9,135721.04887078295,65835.69521212396,44172.30459510337,1200583.6439087407
Drought,1,4233,11971,28,129029.04208132658,67119.94714886784,49669.95131668464,1168628.9953805623
Storm,5,4148,20833,2,17167.062297268916,7753.250701218331,5701.595806895793,166561.35666956162
Storm,1,4747,36718,18,240987.72475967702,137340.93854392442,108728.8503000239,2371104.0684974967
Earthquake,5,1189,28961,14,149240.99426060086,84207.30338541011,55493.98376157079,1537535.3113369618
Earthquake,1,2158,1482,28,15955.224019852902,8504.847264910313,6258.063377594338,154740.45636612157
Earthquake,5,777,14918,7,41983.46765229578,20808.488019369983,14651.658510563764,386325.9315764941
Flood,2,2303,37705,15,229946.87880462466,117209.19351661083,79571.22491269179,2191627.887065079
Flood,5,2019,24917,13,141900.04020513757,68691.16811273001,53054.14578615341,1223062.6970103423
Earthquake,1,4805,10734,21,96375.43259589345,41458.88747459599,33732.581629818815,793476.8547654207
Drought,4,603,21323,3,24952.45581699918,12523.790122553866,9517.525509844876,255924.45803258356
Flood,1,4210,31011,17,217567.63491861313,114775.59283792936,83963.23036469013,1826358.9984815621
Flood,2,251,20381,28,241103.59707213074,121555.3015994497,85522.33982933615,2110881.6004817863
Storm,1,88,8180,28,90711.19409419072,49311.940409682604,31646.64103913199,951575.1680288918
Earthquake,5,1041,5040,8,14788.705126957342,8412.886360267496,5530.393212823995,139524.9949464659
Drought,1,1678,16631,21,136559.80177524712,69318.59718317073,57538.28230159057,1446373.3243540947
Earthquake,3,572,28238,26,270086.95242174243,151545.29332688346,115951.17708393757,2648319.0096891425
Storm,4,1256,35244,2,29138.895588599735,12717.241107004966,10055.987571254753,254028.88142715962
Flood,1,4322,20769,18,144219.73505909974,69164.26273750995,55788.47279998677,1305742.3176097965
Flood,5,3993,9603,28,100167.64555898124,48869.51240116439,37193.17464308266,1037781.5680966106
Flood,1,4593,38814,14,214724.23310240055,111134.03669476783,88732.3691378137,1950087.6068270747
Flood,4,3369,33553,17,234814.0506679474,109195.44073955226,90966.64349803915,2315005.0211228454
Flood,4,1266,44050,18,325791.24068491027,149733.24588902647,130314.63607082979,3150097.561223816
Storm,4,1769,29027,22,268372.3130872227,121826.65404431534,96546.9109521332,2527271.524428535
Storm,5,4318,24958,18,169401.33601974975,89953.97148769806,71978.3637334759,1779559.1557629663
Earthquake,5,1734,1476,24,14486.83043688557,6526.419582466882,4943.315802573653,123186.0385838098
Drought,1,3310,29906,8,94963.41621119888,43153.9428552157,34069.00274937208,946568.3278999388
Flood,4,1865,29645,2,22312.1818221718,11988.639465765304,9308.063914247983,229618.37045086603
Earthquake,2,2169,38000,9,138283.63742665199,61631.54111326705,53977.76519788826,1174164.8979258982
Flood,1,3499,40472,25,419158.69543718663,212731.5432341829,162150.16865641112,3806929.395937722
Earthquake,5,707,35047,15,208120.74813967664,109810.7521027148,84946.50158308177,2026821.2258796734
Flood,5,4927,2123,7,5353.786129233856,3043.288685759628,2164.7244488450706,59558.53937086232
Drought,1,3200,43690,4,70045.34186850359,36513.688673536126,24138.57134010448,625143.9814169602
Drought,4,3969,11105,24,110370.57877036562,56555.42672779676,38137.57854985715,1074358.751782501
Flood,3,4511,49915,13,272324.371069852,142288.89591338206,91685.78763757051,2615776.1530985697
Earthquake,5,4845,5569,23,53648.01652945355,24264.0716920607,18718.974898617384,442392.5760859687
Drought,3,1336,46126,25,501215.5710431059,237205.96239376027,170248.11577968177,4483546.676581767
Drought,3,408,34601,15,221714.99866233362,101391.30238190117,78971.33360552935,1998955.8614247157
Flood,4,147,34965,3,37982.032299317674,18982.603802935348,16778.05084189111,379008.1457973583
Flood,3,1910,19094,21,146151.36943449694,85852.19060166576,56844.57627676922,1480325.4456802886
Drought,5,2013,2196,21,18292.139717504375,9191.78370020353,6410.32687223801,159907.93769217664
Earthquake,2,2988,29412,24,295315.76836055866,148674.4947697215,98660.02105979355,2730685.6840080568
Drought,1,1629,14075,25,153603.70158349938,64308.08408021663,48105.40890015293,1273828.182219106
Drought,3,1984,19775,14,105192.94923426687,52844.57126714847,43681.9322685124,1037343.9548645011
Flood,4,850,30608,4,44404.75042381117,22344.590280217843,19857.628508635888,429970.0115824388
Drought,2,4010,30782,7,79060.42052635593,40826.15449058246,33823.699741322416,823450.8448996057
Drought,5,1459,12029,12,61061.6638692315,29588.022573892045,21628.300870205523,598758.3889635213
Flood,3,3680,34621,5,70146.71949740949,34371.26132432738,28416.94447757602,669423.8914498723
Flood,5,434,6404,18,48137.66133984371,22676.261426284742,15868.94378195201,452339.0693663642
Flood,1,1697,32416,29,403109.9488551075,196391.18820525522,128817.0177288349,3706043.60768155
Flood,2,1527,12585,2,10037.184443765063,4697.501807036387,4112.046670799914,101936.77223582737
Storm,2,107,11507,16,73058.03158715965,38658.2449164738,26460.13970433203,736859.7466283309
Storm,4,4676,48877,3,53396.63559386879,31005.290346155212,20680.970182151403,528205.3280518343
Drought,2,1101,30673,20,246335.39594970286,115450.25865761985,98972.50919229454,2498219.8215470943
Drought,3,3058,6923,26,75609.6647840695,36417.05668077591,27283.27036900983,625992.1837277357
Earthquake,4,1587,42071,3,46501.6521674101,26034.107494302698,20151.558186265087,466291.1449585169
Earthquake,5,4412,29550,24,265905.9329089793,130323.61621059128,103330.5316458402,2822554.85758834
Flood,5,4664,40946,16,282859.31445647625,131556.30154563722,97240.58399728878,2508364.9875696157
Storm,3,2934,358,27,3693.884701999513,2120.148742210614,1345.713528903579,34405.4103722393
Drought,5,697,20174,5,39866.43385686523,20639.20447155164,13870.020667586372,410993.72468450497
Drought,3,3968,40051,1,15756.899598475762,8785.764095509232,6209.410916162523,155676.08040797585
Drought,4,1135,1629,27,16404.720950922463,7939.120662043753,6676.297027004009,167387.92900792503
Flood,4,3079,23272,3,26180.50818312935,14963.459565728825,11140.672148512964,266409.5389961396
Earthquake,4,3000,46543,12,215098.39831809286,106214.59582559158,89126.67252457167,2274570.4783821325
Storm,2,4089,36216,28,432063.80437121645,186610.68935287328,144193.79592875822,3563337.0860907794
Flood,3,4443,5533,11,25081.14363669227,12467.003016097591,8859.902891265101,246098.06747451212
Earthquake,3,940,12676,20,106261.28010071786,46712.010459214565,36620.352423154785,864348.4439213058
Earthquake,1,4229,21547,23,189481.47385538602,101948.58239475219,77223.67006111727,1880521.5766003125
Storm,5,1346,28376,21,245659.92753811443,129626.56352376708,96020.37798487871,2375486.390611259
Earthquake,4,4950,10549,19,86701.56057595203,41455.00192030394,30428.075283241218,699608.219340073
Drought,4,4606,9131,3,10766.021249118741,5809.895685546389,4091.749987157703,93687.51336241254
Drought,2,1760,18451,25,176842.43714050498,99834.12025249189,72705.6383124482,1852394.8012300641
Drought,5,3799,7330,9,25357.55438100986,14063.206641629527,9463.108603782988,268311.5120927064
Storm,5,2733,31755,17,204787.22038224887,97438.14531695057,80469.44563909595,1962061.5112560778
Earthquake,5,1772,11340,27,128111.74122528487,62446.12496746789,41926.678122932106,1246327.2049843995
Storm,1,4018,5474,23,50676.225005804794,26883.361448542182,18074.328725395884,469789.6177834576
Earthquake,2,1502,30562,21,234316.30902895887,136867.44737119108,98176.03813515451,2242138.0331257703
Flood,1,3526,30700,4,52740.64999809052,22421.74202094633,20099.257398027254,420655.38638467196
Earthquake,4,3669,6417,15,35710.78807560095,18638.10860733087,13470.380973765075,340322.1144559743
Flood,3,1583,30583,25,318224.2973645487,144884.9277633067,114969.84105651219,2664848.310205645
Storm,4,588,11193,12,58567.48230873349,27403.96194618036,21128.956813355126,509023.1754596984
Earthquake,1,3803,26612,29,307000.94413916534,140323.81312175895,107427.87951715734,2790678.144525859
Flood,1,2150,42704,17,297502.83027756255,144314.99760523284,107751.10654858746,2733658.881514757
Flood,5,4806,43156,14,219898.65655449743,128892.19366043404,96861.41244438606,2188460.405137061
Earthquake,5,3838,17187,10,65908.5539235824,37342.22047035673,25249.499254123086,596806.4108086964
Flood,1,865,35734,27,386499.29375118716,207405.8651128681,144535.9087365178,3799559.30388073
Earthquake,3,1366,44299,12,222410.47854881163,114445.76245269392,82464.33750015181,1914746.5675136743
Flood,1,3382,33855,26,367682.17259738315,188822.73220314374,118886.60597636124,3476646.2780938363
Earthquake,1,1885,23477,18,156001.42984157748,82553.67752921784,62833.084841204596,1557598.3856721711
Earthquake,4,945,13495,17,83892.61786871175,42030.479917224,33412.72067749657,945049.0226272093
Earthquake,5,4210,49453,2,42632.75133596815,20171.650829750914,14842.290148407006,347320.8410082904
Flood,1,780,19639,6,43556.710435081004,25463.707320428795,16142.47031867455,449031.60003226635
Drought,2,4018,28769,12,132430.5850737623,68852.27913891037,52583.74687492787,1187449.8460084905
Flood,1,1160,39932,23,390645.59930120484,167794.01603835984,134662.71890433543,3720900.0092797778
Drought,3,3510,25050,9,86686.67026396385,47696.06817216572,33455.1083991821,904251.5247617861
Earthquake,3,3253,39858,9,141508.23042183765,69145.34171207184,54692.89496327202,1322779.3125588575
Flood,4,4010,43003,7,120689.70741361228,56178.084426031826,46469.27862268474,1035631.83173967
Flood,1,2616,44279,19,304581.09806851746,173167.42077620825,129650.43169730977,3082810.6803433993
Earthquake,3,4231,47598,17,297854.6464055592,173068.93889270246,122129.49612538237,3272012.0807772265
Drought,4,4938,17538,4,26193.969599931283,15354.940631749956,9951.38406775022,290880.44528281403
Earthquake,3,4662,24423,26,230580.27119944352,115085.91461288807,93115.85449778226,2240043.6315554213
Storm,3,920,2269,29,25638.15936751212,12830.677982544401,9818.837910018605,246273.71057409287
Storm,4,2426,25472,13,135285.67483043345,61612.280656150426,45010.69703777273,1371350.6730666524
Storm,4,3150,3336,9,12138.610690911115,6054.885811511918,4739.500200649459,121224.09238811105
Earthquake,3,1387,4957,17,33757.79982612357,17451.73008788243,11970.505531629105,340053.3251004134
Drought,3,3466,34495,24,364248.2451347679,154002.9493007323,132049.10181922064,2950094.842012099
Flood,1,3180,20319,18,149907.57935593202,74163.36859334123,56185.2181563601,1301636.7407549687
Flood,4,666,35528,4,61471.316515930885,26332.62814117672,21713.354300257353,548557.1920080069
Storm,5,3640,19695,22,160513.22832442148,91692.99955045461,60116.658314510874,1736503.9032478563
Drought,1,567,29789,12,156416.77879207482,77915.32878263584,53758.5660268592,1243062.8059138695
Drought,2,1620,28164,24,267196.07936906617,138046.55266330406,109881.53596045298,2487942.6055828524
Flood,3,3812,28853,28,344321.38374935434,170125.1109142733,122964.68590253203,3336744.8652613265
Drought,1,1873,16599,13,85264.34571855575,46152.254725711166,34912.762683255096,745280.910822989
Storm,3,2500,46192,15,284169.07352690113,150393.2792220457,93936.15478525485,2610404.9638623334
Flood,3,3916,19437,10,79809.00789232465,39997.22751056062,31020.27298064645,711178.3215745062
Earthquake,1,3244,12406,18,92482.0488484198,47595.59289285535,32120.30604477827,763118.6160311339
Flood,4,34,9864,1,3605.51259130542,1777.7555037807863,1608.9439771415266,39739.08164304198
Flood,1,3757,29318,2,21598.707244152683,11490.545545115634,9187.9377986502,212186.86642232953
Drought,3,3436,24422,14,145194.24673470666,74504.32470325842,46899.347442674734,1411916.6804330812
Earthquake,2,2432,12549,10,47608.207641984394,24988.873314706347,17487.77131205688,494939.2502121326
Drought,4,2352,3051,23,30478.81761660065,13768.230855323316,11380.890820579312,256122.48510765642
Flood,1,446,35696,21,282732.8510211177,147408.1312169976,118280.6664220868,2660160.079865203
Earthquake,2,1599,25335,18,172997.0483339433,95108.75276007922,72817.06626849076,1831004.4980367764
Storm,4,1238,5690,8,17375.564399834755,9097.983025866917,6533.404701301817,159675.42338239576
Storm,3,1274,23645,29,249423.9270349536,131001.7338658232,107113.49436992467,2368394.9288546257
Storm,1,2447,15375,25,140918.50044187388,83499.89334543493,61423.678422329554,1347179.3912607615
Flood,3,4533,5671,4,9812.553660182495,4938.7457960262045,3349.781115036864,83752.19620317318
Drought,4,3502,43508,26,411062.1412043753,229165.9559808205,184279.58512415012,4576410.862816369
Earthquake,2,4128,20280,21,183145.81769313826,79772.55783789764,61051.25325557085,1492542.324275654
Drought,1,1639,5932,21,49583.70815624796,25583.798802212168,20552.385284181528,434238.02375656826
Storm,4,1033,22156,3,26362.270188458235,12519.60067596701,9708.396846991236,245030.86785670946
Drought,1,2267,27464,13,140407.76106123536,74543.33765808365,52174.8172095055,1451303.2058782477
Storm,1,3181,10960,23,103004.97239819734,48351.983858652304,35063.83067377163,983059.3905715818
Storm,3,949,19704,28,230095.10367916958,103704.53830969392,89215.38898603227,1999442.3917269101
Earthquake,5,2106,4313,22,38074.80580006097,18095.111948960413,15187.871300993218,324284.5660350669
Flood,2,2015,8116,4,14151.306808808147,5884.323120541679,5099.640317975177,118704.41420240144
Drought,4,4646,31228,4,45384.59491982542,24470.99817848002,19719.766374237734,468529.12304291205
Drought,1,2161,11967,26,133346.24044102427,63166.249235139825,42717.16693663595,1150016.0859265658
Flood,2,3472,20547,21,167134.02843773644,90422.87409361014,61140.80245264441,1679514.8161464322
Drought,3,4589,21036,11,98662.8693585664,47261.67562157391,33259.548430814975,824526.6223145941
Earthquake,4,4721,24870,29,272811.6152970049,136935.71758620805,107839.97714961266,2864953.0473328885
Earthquake,4,1251,41575,26,474771.3042818832,204911.74723374864,163139.26632591916,4214920.989866681
Earthquake,4,287,16716,17,107425.68365536148,53376.97116738415,39563.58766778188,1101924.422718777
Storm,3,470,13479,15,75437.34278344455,41592.033691554934,32207.222459445005,833745.8776629904
Storm,4,1602,19090,9,71335.50838936397,35668.419586833756,27990.976654220507,649951.3062918524
Flood,3,2305,34564,18,239001.76630292946,130927.86447077466,90602.77195294162,2566343.9609977626
Storm,5,3655,19129,18,139019.58442398702,64461.31955762568,51220.630833197174,1319125.8056492752
Storm,5,2577,11791,13,55794.754836003325,32763.62605819423,25205.209033435895,614191.0561002156
Earthquake,4,3573,42665,9,144283.92132996398,83730.69102927155,63297.84559780547,1514926.0998442483
Storm,1,366,40054,23,337033.1843491913,188756.71015130085,151484.73698083713,3270788.1826870604
Earthquake,5,3652,28101,17,208671.96804238058,95953.46536924424,78498.09305645931,1901210.3903877838
Flood,2,17,10817,4,16432.63366278881,8896.965510471731,6706.454085821674,152721.48923393755
Drought,2,95,27791,9,106758.94969939215,52869.36242331828,36594.80240283178,956544.2631187325
Earthquake,3,2227,5067,2,4065.5043020726935,2151.7625321783953,1445.2566841811984,36407.16753057592
Flood,3,3957,18160,13,87226.88795032415,45222.39825510704,34688.43811645648,968538.2634157059
Earthquake,1,3753,41660,29,481472.72159686976,248173.39544268386,166387.03552014328,4145360.0454188017
Earthquake,1,3440,20158,26,203652.48452469346,110849.87105165092,74701.13498936513,2009170.1353056356
Earthquake,2,3018,15517,26,174875.61708852096,74262.43525826109,60588.410106371884,1441774.8483673711
Flood,5,1923,25892,17,163676.8471681125,91194.05656507879,62391.797321836784,1643156.4875384532
Drought,3,2881,46102,21,388550.1126455784,203649.686394605,138904.0591890927,3556720.527554098
Earthquake,2,4657,7912,21,69958.07846632677,35378.15273375754,26861.232698191532,634483.124962074
Flood,5,3985,39564,16,244679.71296498494,135594.50553401033,89390.75871149678,2190495.247051416
Drought,2,280,45126,5,89530.02724119167,41471.27274654166,36056.216198092865,776745.8127649571
Drought,2,3617,10875,10,46325.65434961676,21818.118415475576,16192.7455438025,374194.6433928083
Drought,5,590,37826,21,334613.2799268218,142982.64968085545,117163.63198774784,3020135.4303345922
Flood,1,1683,23018,7,61926.50583200924,30961.601649184147,22865.793453009603,549055.4845905117
Earthquake,4,4069,45999,6,115513.97095546428,56751.38319199829,40703.13066003494,1098763.9049260088
Storm,2,3623,35617,5,74263.1736083879,37873.546851706255,25011.756703438037,656653.2377843962
Earthquake,4,3632,27227,22,234479.56529956154,121970.46074943138,92742.49716625857,2076047.9453719682
Earthquake,2,3283,47235,27,486571.6289156794,255966.65419604979,182457.74546260564,4951175.699195627
Storm,1,2842,28583,16,175488.09212234512,95388.08696425494,72152.7110353557,1593378.5815566469
Flood,1,2620,12167,17,89899.25965192389,44077.443187850295,32249.567740344224,816444.263005655
Earthquake,1,1016,506,26,5503.397987771514,2821.536221209053,1884.230574881576,52853.60738213165
Flood,1,4687,37225,20,326300.9768972573,159517.67852321325,116168.12885861845,2945898.6255801525
Earthquake,5,2240,37155,1,14303.141302018246,7404.9921245537935,5580.687668188618,137460.07271364096
Drought,2,378,5046,11,23707.710853785276,10016.430663584073,8665.096799042703,229849.4929872681
Flood,4,3396,19456,19,153963.37574295737,74439.83930300896,55901.34309074076,1379476.6752487796
Flood,3,3417,489,8,1464.419836302662,829.344544826381,592.9857024063284,14500.575728986167
Earthquake,3,1491,3831,4,6282.875779805576,2952.352282822594,2444.060366064124,58018.91975930859
Drought,3,3707,24435,23,243059.83667406166,101434.18665416597,87234.75193831911,1936522.9400612025
Flood,4,3207,48792,11,201435.64266050165,105445.7770197055,87510.80194503143,2003234.0333722427
Drought,5,897,31902,1,12214.020965692522,6294.605159719027,4962.7809228763535,116702.91735829618
Storm,4,3775,16050,23,138770.6358477501,72624.11783733427,58151.53279697457,1285837.781484734
Flood,2,2771,29340,8,85766.73582061013,47119.57989604053,32950.21434485718,972046.4394451017
Flood,4,1351,2088,18,15648.637889838683,7400.633323560864,5464.552929850049,139342.40077209703
Earthquake,3,4883,22725,25,238165.33421020853,116595.16820708342,86064.2268392711,2231971.43330792
Storm,3,3376,28990,29,364903.2620290525,153625.76661138993,124350.4606743764,3306696.28536186
Earthquake,4,3564,27090,2,20663.82734954573,9785.14787482961,8882.835981511298,194854.36260816676
Storm,1,4586,29331,6,67760.34565424666,33585.84581259692,26913.54751199154,714878.783575828
Flood,3,1187,14396,10,58876.85467069402,27139.828714010604,23490.19978606309,491127.9432075647
Drought,4,619,18945,25,172418.02610378616,97140.23310245319,69418.46100092978,1949087.282095772
Flood,4,92,2020,10,7916.841073310175,4314.559698184857,2841.2556070840465,79094.16245949993
Drought,1,4947,16853,27,179594.64893715293,83591.47864713387,71645.32737052576,1865087.1322461732
Drought,4,3686,2526,9,8981.539530881548,4998.081072874264,3225.389854167083,86854.9084036271
Flood,2,4027,10551,13,50381.52243517804,25782.640686431834,22127.69772027806,543949.1505269929
Earthquake,1,4174,5139,2,3751.491621411598,2038.7196251832847,1613.461039615566,39732.65042065089
Earthquake,2,1639,26349,18,201288.70771494083,100983.8162009128,77299.10415654667,1811045.936684147
Storm,3,2003,969,1,368.48024782302497,212.70168579914696,139.28878118865262,3866.2635809227427
Flood,1,2566,29161,11,129292.06206160628,61188.396426475636,46849.716854716826,1310117.6141953599
Flood,2,4673,19742,21,162892.23509601186,89113.9518277995,63903.100623970924,1673902.955444631
Drought,4,3707,38606,5,81597.44638782452,37983.591069603026,28954.963956898908,772278.0856961842
Storm,1,4361,41194,29,474937.9536151754,216385.53537978246,168801.7056508571,4323645.166048975
Earthquake,2,130,1737,6,3845.2015828539975,2091.2469989605747,1652.884088078322,42938.600394239824
Storm,3,2678,47506,20,375958.7763260148,201647.56029323427,128493.21420710244,3901565.8501005
Earthquake,2,3616,32928,26,364954.05175393104,181132.46830584944,123482.6588935552,3508616.1757673793
Drought,5,1581,38989,17,265423.9512105656,144257.82436471528,106904.83237318064,2309335.902390825
Flood,3,2166,19078,7,50147.73098165603,28625.9417808969,20740.79201418287,539632.228053765
Earthquake,3,2952,46464,15,288465.912813065,130450.09396480197,108599.25319805878,2495329.9357281486
Earthquake,5,3328,36555,21,320495.32490746817,160667.15309259642,115492.1598218299,2708787.075010437
Flood,1,4743,31054,10,133697.71738108806,57406.367149935795,47835.326241287745,1194704.166069944
Storm,1,3621,26929,7,68731.694816833,36878.974757164884,26772.346140891805,673465.1054052747
Drought,3,146,15634,1,6164.729256707751,3152.3803532001825,2437.229508096075,61567.076515254
Flood,5,955,30149,19,231271.82090910245,116294.07338914048,77712.68470609385,2361181.5658354857
Drought,1,4350,5027,29,56414.59889645616,27073.897206261114,22707.482174524604,519371.30479691154
Flood,2,4410,15910,7,46980.20249214426,24285.083949567168,17629.278409087317,430921.91494337306
Earthquake,1,260,32230,15,208294.23000181484,91312.1111106482,75630.54973063868,1969499.6571843699
Storm,4,1106,33372,22,313838.76633369434,146399.06951369677,106463.17890507281,2940927.8671303866
Storm,5,4444,49910,2,39165.92346257992,19901.49042529674,13515.730864288586,370998.2591303728
Flood,2,2492,41253,8,141972.37647557698,64544.83902326258,49917.06361414315,1366076.8643280736
Drought,4,2882,11412,13,58754.655915927346,29750.530167845103,24430.751673184677,531378.8750228854
Flood,3,1779,44864,3,50823.13788609381,26113.650390025723,19674.119951455363,465488.61966335314
Storm,4,2900,27869,11,133151.7778647244,59830.83232046006,49031.36257955102,1239767.639058851
Flood,4,680,23775,2,20057.76761679645,9602.093248013756,6514.059934219852,189570.05248819274
Storm,2,1902,3539,13,17851.4631208889,9528.000775831342,7257.836881059612,157232.30824578225
Earthquake,4,3622,35486,7,102589.70699105517,48159.80874413536,36446.200840469595,876019.4382337747
Drought,3,1822,16035,26,179742.50582158638,84696.21296094294,64192.35801077245,1469588.1027054794
Storm,5,3350,39278,22,337780.31699080655,175882.34122199382,121461.16753108992,3335943.0501325345
Storm,4,659,43407,11,179069.93277364466,87415.94807123888,74431.35143136064,1764888.0479746226
Storm,2,393,47265,6,114190.38114572487,58269.37021346403,44650.39045912237,1014360.7916271165
Storm,5,4261,45048,26,447740.70754199644,241497.70780371662,187063.55744384794,4045838.6889506406
Flood,4,1824,37801,24,333015.4356114467,188664.44607902563,132500.442980621,3387380.354787231
Flood,5,2591,1193,29,14888.295213974832,6564.29180197246,5249.060821671522,118875.54614058326
Storm,1,2113,465,27,5036.263524585382,2629.6341448058383,1859.3024418615014,49105.69774479398
Storm,2,2388,21472,6,47357.79741092875,28337.333319738922,18654.767633461168,511833.46052610734
Drought,5,2515,37328,27,382299.6545316037,183040.7929182204,148493.21515679854,3532506.1197633403
Drought,3,3780,4694,22,41853.947809714446,19880.238295591,15968.357706696665,369920.2024572066
Storm,2,3514,17475,4,25381.741389317427,14922.586479414509,10735.646441476129,267926.0206062139
Drought,5,3206,30957,19,239082.29098350156,129180.96554561656,92757.57959570675,2200578.7104103505
Storm,5,2268,11194,24,104864.55361508543,52350.15710719076,41253.69016460979,1043926.2904665138
Flood,3,2837,30357,4,52078.48069024706,24096.982979418397,19816.801129059353,459973.0099375229
Drought,3,2971,19710,23,194519.9652413116,83595.19954507567,73780.09907994747,1761030.2617022432
Earthquake,1,580,32354,25,333158.1296145966,154499.6748580215,112985.18049246524,3144733.4373488156
Drought,1,1688,17099,12,74562.73019973983,41691.95402889862,30488.337500582114,846338.8424686481
Storm,4,4539,17619,1,7202.220714701116,3664.497983086887,2821.588575129747,70726.68097652939
Storm,3,3265,5313,13,25714.062931056513,14014.396358717138,9898.30434128013,283454.3264407058
Storm,3,2933,22539,11,90285.6134437185,44942.028000206396,36619.126768642745,860441.5591870864
Drought,4,4733,39450,16,262108.56572388974,128683.41105119277,94709.83745364627,2616622.8984896466
Drought,3,3337,29868,3,33695.067922147784,16903.712197035424,13954.600289048149,346140.3365122828
Flood,5,3815,31185,20,241871.21338468688,123128.20068479227,91608.33728705643,2440642.0191074386
Storm,5,4599,34414,2,25169.21514744965,12969.378703739416,9765.383631058467,258904.37931934098
Storm,2,4669,45938,5,92425.0741487539,50396.777489522676,32152.156580175862,802335.803061125
Drought,3,119,49443,8,149348.1362158861,71522.59540565185,63207.3578056031,1456889.7897701403
Drought,5,1046,16451,4,24797.615892619062,13974.199665030143,9173.581507785195,241229.72386487838
Earthquake,2,4136,24026,11,107055.03544127842,56068.85517145264,36766.00276019807,1016467.5321632089
Drought,3,3193,14239,23,120054.4351507012,64969.95599941161,47223.070991808585,1319499.3567963145
Storm,5,235,27513,13,138691.51602230483,72209.61586765325,58927.10743700902,1398235.670922093
Storm,5,2906,35971,9,140902.06990018694,58477.92311516316,48781.90036407295,1218212.5656665058
Flood,4,3119,17718,28,192940.94883282782,106360.62309411028,73028.56466914063,1813246.4577912013
Drought,3,2887,35403,13,198450.77571107447,97899.39473033462,69175.97041418514,1824310.7828999723
Drought,2,279,1730,22,14401.37641470859,7692.173036463322,5563.047422840907,148714.96331742563
Storm,4,62,10049,3,11380.395548028406,5646.940421988209,4816.626241700983,109215.96761400056
Flood,1,2063,25905,3,33814.697745568614,16767.742408408983,11278.34350529474,307650.6870924581
Flood,5,317,19900,9,68095.9123267418,35963.810573800285,26982.953487690327,689950.9306881222
Drought,5,2696,3085,18,20228.532650044905,10831.74907523759,7883.131656768157,200318.0987390241
Flood,5,3139,38315,18,300613.5219879434,150200.90462025758,105725.20184150817,2832035.72113482
Earthquake,3,4886,24586,5,48840.57494661536,25867.30254908112,17165.301799149765,464104.9891944961
Storm,1,3367,970,13,5315.82004434997,2470.4834606019904,2015.4133196752723,44585.50777325738
Flood,5,1657,13978,17,95251.54104576685,48619.50708600973,38571.017824763825,901186.977637192
Earthquake,5,2441,1948,20,16919.18571036725,8565.587100869441,6189.973451957009,154946.90789359342
Drought,1,3881,34674,12,173911.41215822852,76753.14032664846,63765.313323577015,1505928.4333347126
Storm,4,1354,30926,8,93022.26633962578,45082.93349268986,37619.36290830158,964816.3274810434
Flood,2,742,10040,21,89987.62431517891,45772.1426509926,30777.70092260918,768989.0419106132
Flood,3,4927,38699,9,133264.52708818874,68523.91771240192,50075.710150366474,1274041.378856686
Storm,3,880,37631,27,415474.89225271106,210461.90289136593,146844.26234401859,4113444.7851529047
Earthquake,5,3807,12039,26,124094.253970644,64832.88490729204,47356.08930483988,1148477.3774233314
Drought,3,1388,24523,24,232727.4983087272,112084.98528850291,85517.5479102017,2376732.3824979877
Earthquake,4,4577,48947,18,382629.8593783616,160766.5238822559,121382.42621551253,3109856.9458562774
Drought,5,546,40546,2,30421.783283449437,14612.864528169368,11093.620143311598,331780.46731989976
Drought,2,4257,42088,3,53102.07385234458,23008.35902357847,17071.693170651055,450424.41935691156
Flood,4,2408,12821,20,107849.52264819786,49182.09807193417,36915.688398693615,894275.5925057224
Storm,1,1611,4865,3,5653.644858120333,2878.1092584274606,2334.1560945464616,51042.47405549031
Storm,5,3562,46039,6,114518.95171446535,60217.903398331466,38427.653080887816,1094452.7898748606
Flood,5,993,25564,26,268348.5551063033,143631.578254243,96588.12875334533,2632987.394933133
Drought,3,539,13048,28,157040.03179939144,73407.0065501434,56990.265304054345,1358173.1952345606
Storm,1,1018,3883,23,33965.55427781867,18862.019099522156,12321.258636284521,309346.3221691292
Flood,3,1270,46025,29,504662.218731695,288070.91855725134,211560.58936218556,5253713.634126821
Earthquake,3,2021,39119,12,201783.0190272901,99321.43162658425,73909.00921228556,1798552.613748648
Flood,4,3971,29377,9,95853.64070517488,55861.48996151812,37597.24569869188,929537.5917773348
Earthquake,4,1621,21131,5,43225.3226171834,20086.528979348623,16094.3154901578,388643.5730229793
Flood,1,4127,41737,3,48590.072919915736,24353.838987478433,19930.014644203296,457637.6741839729
Storm,5,666,49417,17,326514.68027109205,181892.45604025223,127668.86732537298,2977933.2013768638
Drought,5,4760,49520,17,321633.8890683879,158408.92366090478,114071.58382121602,3300563.1591795245
Storm,1,416,7484,2,5427.587265745788,2978.988951967673,2203.775209070427,52815.22624547624
Drought,2,1421,39796,25,415052.6427787266,181806.0542103172,146777.60682414984,3476760.9980658493
Earthquake,3,1013,27142,17,190037.44946837306,87326.84627902383,71722.46457755231,1900203.75206535
Drought,5,4250,47566,18,315479.54566098104,166268.20551315945,126197.98053489129,3354628.4512994485
Storm,5,4568,46930,4,75933.91148178391,34008.52046080266,30451.463155037538,661676.7265132099
Storm,4,2294,5413,3,6146.631212329892,3249.376668651792,2548.623209856567,67096.22440855992
Flood,2,3857,36443,12,189494.98934820684,89831.95459541693,67300.57947944305,1623199.1131748927
Storm,2,2790,16906,28,187222.86954380898,102126.20328794906,73249.74514801256,1615415.9876745553
Drought,2,2551,39631,4,66809.98010797208,31707.826640818228,23463.631356223206,569953.0412361457
Storm,1,1774,9517,20,71799.36165379328,40994.32637350993,28890.216861988352,767767.8945740545
Earthquake,1,1485,43956,9,149091.63481723444,84773.05793197607,63143.46395405249,1479564.5620316663
Flood,4,2207,14291,23,125322.18561788986,72185.35183723384,44627.663601799526,1269863.1048544215
Earthquake,1,850,1914,10,7843.960011040846,3615.6808061766346,2760.303666653614,73118.03688192797
Storm,1,2981,34885,13,183775.46259279596,89653.44474652012,72069.35122409496,1793496.1951991012
Storm,2,4711,45530,9,149234.6704956725,76374.97983439437,59444.80045704477,1419706.8575411083
Earthquake,3,1630,6648,22,64056.507825254164,27118.550800537774,20760.199165933725,594367.7122241278
Drought,1,4915,25653,22,212820.0772292384,111067.32077092107,76353.41841794968,2289052.695909401
Earthquake,2,4596,25106,15,136785.26090825975,76648.90251600182,55332.569208940324,1560463.5227332902
Storm,2,4932,4786,8,16553.41337131303,7465.734192271459,5800.48102594726,131893.88365041112
Drought,5,1799,28302,17,181744.78802364666,92715.57220923732,68697.10736409531,1670885.3365235871
Storm,4,2853,29401,29,349677.2737784095,163272.54363881075,122260.50074258925,3118765.7183285626
Earthquake,5,3205,34272,5,71663.15271130978,34165.01094258246,26700.31560725807,655441.9090553798
Flood,2,3102,22792,27,266377.7112697671,124243.9333652895,96625.84879562755,2257748.4998991666
Storm,2,959,20423,13,102748.80257277505,56316.06772548435,37805.888652809364,1100588.0725223613
Drought,4,4029,30162,4,44611.88081385868,22252.978982052504,18633.257286194188,490912.41207275836
Earthquake,1,157,17795,4,26226.080499409378,12941.362909295154,11010.946364130234,271310.4223353051
Storm,2,1869,44431,2,32203.740449394467,17575.226784901733,13341.613672940673,310597.66660983925
Storm,3,2498,10168,29,121201.87212425447,64696.9756563479,46601.6189616503,1101438.8180656822
Storm,2,2373,24635,17,167541.8185748615,86185.68623235199,56832.98372994457,1562827.5653152592
Drought,1,896,26727,7,67594.5132910275,39800.41901166314,25482.301170222665,763353.8822784562
Drought,1,4664,28735,21,254184.36331757414,114725.69800132854,97133.04410068557,2102579.8539361
Storm,3,3377,41877,11,201351.4998071349,85405.43056473833,64284.79161665042,1879398.0714815937
Storm,2,4761,14309,28,144277.87089210315,78176.83318467528,55811.56925356812,1370397.4365813688
Storm,4,307,45963,1,18846.044048129326,9646.858335682064,6506.587394274338,158658.62617067865
Drought,5,194,21047,18,137748.30925902046,79317.49071531567,55023.4261123078,1427774.3380347122
Storm,4,4693,45356,10,166242.39323563158,86332.27208300371,61609.579870404195,1761831.6508120107
Flood,3,3489,13310,2,10996.880601646364,5819.454340121651,3633.962835398724,108623.46718022355
Drought,4,2182,46026,24,429721.1466469851,222988.0753979207,176954.81150197276,3869505.2286480046
Storm,2,4437,29945,24,307686.70443180454,157863.91400549034,112692.73593293244,2875130.1141250245
Flood,4,4545,2876,1,1228.0590943042191,588.3704438449381,438.4055411586441,10349.29208424739
Flood,3,1433,47902,5,98904.8801184523,49183.01061039368,36598.04807314825,818835.8985819039
Storm,4,921,46516,13,258198.85108165705,111928.29358198885,83926.29500334426,2432298.7885755673
Flood,1,4661,33477,5,61643.66554527376,32821.033027953534,26257.37964028805,669008.4537332092
Earthquake,3,874,34136,3,39788.34409523163,19475.876968334513,13864.704122586172,390738.4051072572
Drought,5,2348,48428,29,515144.6566766173,283627.90195840184,205605.03534743842,5429599.210090874
Drought,3,1280,25316,20,187865.6001110394,92778.85877002671,80956.35845027895,2099168.9688254986
Earthquake,5,2585,39622,20,322219.699059096,168392.67018992978,114751.83435976066,2882855.6524211257
Flood,2,4006,7593,8,23399.7523374677,11257.588145270216,9352.868346082227,212825.2708128053
Earthquake,4,1654,36012,7,108352.95155407675,50416.386501218076,39553.86410080117,976879.385645225
Flood,5,3522,46265,28,512264.37790911034,265152.05530127086,207913.32947761388,4605293.244135975
Drought,2,867,23254,26,232074.85844879283,115548.1718822137,95615.31836197602,2357948.922288352
Drought,3,4885,12354,23,107604.36609047238,58394.296808491614,45349.63860507289,976873.1699082094
Earthquake,3,1481,33809,20,260073.48245928972,138309.58708973447,109499.27660162358,2717981.7737519536
Earthquake,4,3967,18450,24,162051.9917825577,95781.80999244012,73016.37817814284,1743182.6589045406
Storm,4,3644,34520,5,62425.05829895153,33248.09783622652,23595.531877692654,688114.9793883486
Storm,1,2173,16089,4,25206.634890325324,13530.85876003129,9564.943313972504,239313.94834240136
Storm,1,2486,41850,18,306414.9061774681,164801.6048477469,110234.2883910207,2601492.796589462
Earthquake,1,2839,36486,28,449323.5806246347,202349.46650313807,148788.88594152118,3789995.12693087
Earthquake,1,956,14793,10,60520.87847732186,30274.92881114483,22000.63653764498,548374.9738225807
Drought,1,3600,32121,17,238280.3125931885,101597.88701151677,81538.5885653722,2108909.100746563
Flood,2,4847,22590,20,173395.83518761344,84261.3865095345,70150.3712302946,1552082.6946923549
Drought,3,511,9021,4,14584.766377359769,7354.250787017876,5815.2033270973725,138680.7380083771
Flood,3,2349,47125,20,345277.7334611919,190982.56612380943,152911.7243717975,3493384.4096957794
Drought,5,2585,11718,15,75509.91783107414,34250.86921178778,26968.742679186118,668438.0542104187
Storm,2,3725,47745,22,418209.74310256774,215543.94078096893,167914.91178172771,4201125.618523374
Flood,5,266,43490,26,496417.4331072814,218263.79332343183,166019.86180616968,4368301.890531771
Drought,3,1134,12277,5,22150.132172910042,13247.043310245352,8561.625288009323,245628.7279716237
Storm,3,3504,33772,22,272593.8240968072,157940.17387232886,106551.36707368976,2605317.9757233085
Earthquake,2,3966,16655,22,135633.14667027508,68728.01682800341,54514.45899671181,1456795.3849374184
Storm,1,4685,41950,18,287812.2135012317,151127.133029585,103481.37373706196,2696958.931260842
Earthquake,2,3106,27932,21,230599.804373232,128059.12875794378,88709.286554605,2266838.444785506
Drought,3,1664,12820,9,41730.83322352568,24551.062009309284,18431.44883077986,461845.4681205499
Flood,3,1363,12170,26,115938.96432110484,62547.800834937385,44267.47529077285,1122068.1954328308
Drought,5,44,11881,12,55863.05651681148,28581.16616600149,21314.346983886568,526984.2591353355
Earthquake,2,349,37138,4,53565.8802220013,26892.721477144456,22520.292932918277,564568.9345148841
Earthquake,1,3909,6577,13,31556.987076763195,18528.21379473619,13537.74417637326,344484.44449108467
Storm,1,1461,30820,10,134275.8582600331,65858.21476334591,44349.47901002448,1067891.7219895588
Drought,1,3546,26399,26,288648.16619481164,142232.01710931878,96080.1738208669,2368843.535914164
Storm,5,1460,27772,18,217076.90861859208,91803.71364383347,71773.57599690267,1957342.3322391277
Earthquake,1,2236,1179,27,13410.533851389195,6256.685335525512,4921.037610692863,122406.53264460193
Drought,1,2041,41382,26,438925.1446147255,225027.14452845033,155430.11829059402,3985373.0380393816
Flood,5,4253,1241,18,9466.869499506633,4626.240727847809,3382.1489169529077,84128.10308813408
Earthquake,4,504,39984,18,295239.9926437274,148187.48997799435,115378.93890654549,2628724.0094954506
Storm,5,1461,10043,9,37100.012612423365,18943.968723204565,13862.49808901316,309044.32400270697
Earthquake,2,4544,28479,28,333736.8330306786,155403.48500305254,120135.32477655247,2757415.440791382
Storm,1,136,5702,8,18423.712731290776,8945.734573448459,6869.238186102899,189802.26488533348
Drought,4,4089,21023,13,101295.75560252593,50929.12394773742,44678.426719914634,1112971.4600535196
Drought,5,3570,10404,6,24247.67561564914,12907.333148961197,9333.26669244783,232418.34001132814
Storm,5,500,3829,23,33421.79241986579,18162.59748298547,12414.313737137229,321000.95246444485
Drought,2,3169,32726,15,177709.9986925372,95327.53638270334,77760.10761118971,1881761.4977847834
Storm,3,4754,4440,13,22683.512372016423,10841.560544069307,8680.813972479575,202325.4514489807
Flood,4,3839,6872,28,78494.94172868971,38588.70442676433,27639.699412410864,656406.695322428
Storm,3,2306,40032,6,88223.65151206475,46296.427734467674,33180.18992144612,841596.1482969687
Flood,3,1258,28411,19,221351.1381900711,109052.89823883875,79471.20228779413,2051912.4729986326
Storm,1,4258,4703,11,21057.78785233941,9966.005872730544,7957.003740704224,207886.7286817992
Flood,3,2898,42724,10,159985.49181810173,81496.84372182009,60223.46727100943,1535231.7277277908
Storm,1,54,40681,21,336697.0928454776,174804.36350486882,117421.32121574147,2966949.5235812166
Storm,2,2050,23383,18,161060.45645788842,82500.49083472785,67071.97741197675,1438192.1198035108
Earthquake,1,2678,46316,26,523376.64106107637,217728.89279641272,168124.8239615491,4909988.0338395
Earthquake,5,797,39090,18,303170.9444409519,149619.98143094516,95388.61094166791,2788861.118992036
Flood,1,76,48723,14,248680.7898970059,126537.17078749117,92105.48927082514,2790042.8842986417
Storm,5,1197,13040,12,60796.50248678273,33873.074608772455,21313.932426856234,593723.69759518
Storm,4,800,42698,8,144934.23428302738,62629.083966758626,50068.76285711638,1260300.8049938106
Flood,1,808,7701,20,60296.431429367585,28528.92328717178,23896.397955023105,609701.649670411
Earthquake,4,1139,28122,6,65696.97057017112,31365.436748777418,23824.524840874004,614799.1238986845
Flood,3,1860,39967,19,305171.1827476993,164678.0355581165,121015.44935113483,3061173.053113048
Earthquake,1,1525,31770,3,40763.12788045092,17852.757762466947,15601.175376811156,351850.5958737604
Earthquake,1,1177,21593,8,73414.689860705,31663.325488132818,26429.665431223486,651959.1206537155
Flood,5,982,33898,27,386972.1341563247,174764.33674385198,148594.36057891292,3185342.8478010716
Storm,5,3207,1562,17,10981.368428762307,5025.376288660076,3778.8236302862833,96608.17077419338
Drought,3,1199,6321,19,52386.09572610675,23197.470703240007,18599.661531234626,477469.38379061833
Drought,3,1821,32579,22,307251.6159377898,132788.24031180242,111919.51827414184,2844143.347859571
Drought,4,3116,49630,3,55611.70692889745,27119.627364381464,23304.850873566233,560784.5244854384
Storm,4,3168,20108,27,231779.18794935776,109645.35286286006,76375.18268464206,2145512.1092252554
Flood,3,392,28486,16,194295.8132646909,97163.47105212632,71229.43198967495,1588966.7835654775
Drought,5,1350,29186,17,190694.58013121836,92072.71971630011,76091.53128725229,1805220.8638198099
Storm,3,4667,43354,8,144148.58074244557,71164.77032526968,55806.84281069631,1216215.6499489967
Drought,5,1961,25955,20,209477.91869156936,113699.07138835006,75827.05794619075,1908675.985215873
Flood,5,1115,27225,7,82022.17839908008,38157.08499530816,28630.603500383593,669155.9536645496
Drought,3,3649,11457,29,132050.1130079774,65263.9151563647,53003.889609354024,1356940.472579509
Storm,2,3209,39636,11,172934.45157728804,82955.16622977238,68697.02521795651,1654494.1554626187
Storm,1,3741,47651,16,297428.5432052142,154641.18741067575,113875.32728971927,3094716.4117492405
Storm,1,2669,40377,22,372535.73883811734,165855.66793699175,123127.2372769762,3071433.551249161
Storm,1,522,315,4,505.2491963297964,244.381128135915,184.2683821404299,4884.827575932197
Drought,2,1138,19994,4,34663.7793973032,14741.268956173864,11354.92043374862,317860.4069518209
Drought,1,3521,13429,22,114423.00621980173,58427.98629445324,45871.95015627651,1120221.9582288922
Earthquake,2,928,11545,19,79524.47897538445,44177.80458582915,29861.000533460927,881413.8705297784
Storm,2,4575,16676,4,29307.793255662356,14294.748866379372,9199.882838503489,262895.379120137
Storm,1,1877,7565,19,53146.06801508378,25977.37068586833,23302.901847084788,497102.7600337748
Drought,1,250,4731,15,26597.229512780475,13989.061274163298,9711.04602893772,253771.61443834964
Storm,5,3615,12846,20,109095.74733513029,53823.81451570502,38823.49963750524,1038567.8340634323
Storm,2,3840,41181,17,269648.8770144502,144888.42695075853,112242.95751453623,2870152.1204257472
Earthquake,3,1515,24454,18,165157.06874624302,93690.61292131418,66615.15779390911,1525388.5047815682
Earthquake,1,1561,8783,27,101571.14952112011,42810.86375684698,35654.9588775403,945947.8682240419
Storm,3,3970,12062,23,121641.17618087574,56660.66722755972,41644.76408985556,1129529.0862103815
Flood,4,336,35574,2,26567.041931074964,13689.753115390975,10679.339980570998,285261.18287495326
Drought,1,138,49689,15,300939.163413951,136767.37753676073,109058.08450133195,2772297.393229476
Earthquake,2,4496,36786,12,193157.0802513936,92430.71494356926,68858.04890296925,1788755.4206046157
Earthquake,1,3150,40864,2,34414.129829705256,15066.336263120595,13439.166578551029,302016.3182020679
Storm,5,3235,44678,15,274960.90757774323,137606.35999290316,99525.92436568122,2552375.8789285147
Earthquake,3,2089,43701,11,175710.90519836833,92965.45100465242,69420.00128415412,1868852.2271594002
Earthquake,2,2640,36029,2,29911.624581414988,14561.297212211806,10250.621300557184,268702.849648197
Earthquake,2,4161,41779,9,151188.9851066117,79102.34935823537,58800.58836182249,1335862.5994566993
Earthquake,2,1475,21218,4,34066.21859337808,16679.410042395928,11965.285511471948,315610.2329605384
Drought,2,1002,6958,10,29086.038026351198,13527.448692278602,9575.052434522073,247671.89528495746
Drought,1,4833,5020,2,3933.4884469854574,1905.8131313793078,1600.0726454904152,36806.93212743157
Flood,5,2425,25793,8,86081.69315286739,39124.63354903805,30603.52659580951,747017.384896412
Storm,5,922,35189,10,131359.95601698867,76240.33469544153,50966.03951380015,1297828.8276970626
Flood,5,744,30951,18,222936.70424864464,113276.08026985664,84887.49003937675,1920812.2360246624
Flood,3,1006,26970,19,188045.7930558978,102227.41637784021,79807.11991054393,1847128.535995128
Flood,2,1726,47653,1,20622.4970707558,9662.037425793202,7522.752168089008,191614.50884102815
Earthquake,3,4672,25341,3,33363.56477106055,16090.372230739016,11634.6756361787,278494.27787169145
Drought,5,1162,39572,25,387954.09561076056,204735.88152501604,146921.44909958815,3930949.0285756676
Drought,4,3152,44364,14,250708.92667567162,116867.02301874958,89287.10586644383,2467736.6349702636
Flood,4,3020,5655,4,9437.290235860642,4937.615596482008,3343.5334837815294,85190.33466778017
Drought,2,565,22532,13,119938.34140864463,60700.07315503161,45402.549983992976,1111119.684170529
Drought,4,1969,18085,10,79245.34235372383,34306.18663061934,28013.542254413962,730941.1686596278
Drought,2,1309,39569,3,47410.26815711235,24695.166581843292,19072.242216291066,441963.5362739029
Earthquake,2,3637,24913,6,59758.36131678651,27972.81125128473,20664.533858051887,604485.279339865
Storm,5,3132,41035,7,116173.30529938609,58413.21584975261,40561.8113096891,1163633.5598481868
Flood,3,3150,39534,15,233899.58377296312,110667.52085493178,92627.04943604583,2260410.7660132498
Earthquake,3,4510,1272,25,12871.99041843287,6815.293210604603,4929.248784875582,118807.82153467287
Storm,2,3733,463,23,4054.205729781772,1939.322055323917,1669.5773275035458,37253.67750870103
Storm,3,3850,39791,7,113656.09135513648,51988.99043798458,40775.62252580423,1078973.2418279282
Drought,2,2254,32886,2,24316.776093189845,13736.17269632292,9241.856549804306,240402.43630815303
Earthquake,1,2952,39663,9,140156.37039040148,68246.89750814259,49650.936200553435,1412734.4836829526
Flood,4,1145,5227,4,7668.998015120717,4128.2812767630185,3235.4967583557827,78151.00201541284
Flood,5,2293,9621,7,29058.370263191093,13167.238982112183,9673.479980368764,266363.7873072788
Storm,5,4191,19087,10,82769.414751162,34448.240712621475,28932.923259850835,757216.0914926677
Drought,3,79,20408,25,193329.46489098965,101703.22892085966,75445.56212391407,1766922.6769521849
Flood,4,2005,42381,27,435319.1215258704,243869.36813966406,167454.75493432215,4747937.91539222
Flood,3,2848,33605,25,305989.92102482263,179254.58485634468,116390.22398424076,2890600.934550346
Drought,1,4635,31506,1,12333.367707962872,6448.286022684774,5066.919939193788,115581.99928759506
Storm,5,1575,32527,21,251341.04199864395,143897.51568666508,112014.94757219881,2828475.503111212
Drought,1,952,37488,8,120374.49409624003,64157.640962405974,46651.63731690178,1087470.896719605
Storm,3,3391,22323,1,8207.078980586994,4392.3950728828,3089.4806120694757,78948.36574778962
Drought,5,3491,22017,22,184052.2069656032,93838.26886960413,77771.79298070948,1855069.168581412
Storm,4,2955,27694,12,145258.8457108792,64830.36236008407,50878.21771504212,1152129.4359875333
Flood,2,3169,13615,16,79036.10187206401,45713.11089848909,34649.880503952605,768554.6440098734
Flood,5,3411,49047,13,243391.44458209374,122834.8696205091,102240.36632880957,2401929.108583939
Earthquake,4,4521,11718,15,65865.16396666129,36957.05630943245,26229.232264414975,628803.5863932077
Storm,5,4526,22456,16,136605.2127099853,71037.55285846426,57637.575297659,1279972.7053247425
Earthquake,5,264,4811,16,32690.602034922365,14834.521206734891,10412.029040007115,284485.94653187046
Drought,1,1765,40556,12,190893.44434596738,99953.79461074813,74770.13969384517,1702332.5211363276
Storm,2,1878,31434,10,125437.18948823685,66804.32638705148,43371.654937091735,1172797.4223438925
Flood,1,4176,11931,9,45230.75191413892,23320.156667689535,15155.9093364614,430652.5543850205
Storm,5,230,3766,22,31700.934691867467,15922.465625543206,13628.193445945983,322549.6714560608
Drought,4,4320,19503,2,16544.286208853613,7699.052590186206,6283.320912084453,138208.31213868625
Earthquake,1,4096,8517,9,31231.842890365428,15297.569470333823,10654.792603596054,275192.3965497163
Drought,2,3417,6831,20,52461.30834262163,27183.601991773,19132.34698591691,502089.64112463186
Drought,3,4961,40966,14,247044.01441470438,106715.44809633946,87711.4572923427,2242311.1290322673
Storm,4,442,47262,9,173045.7350645301,80927.13330543868,69341.58009378493,1491182.3826708102
Storm,3,4032,12091,17,85791.4021438863,41784.17076968763,32668.435765068403,834690.450479218
Drought,4,3501,806,22,7361.079614133663,3804.323325658441,2924.082611755123,66133.83027784927
Drought,5,1857,39719,12,179364.44319433082,101549.68695572161,72319.0813650702,1643337.0832972224
Drought,5,2008,15604,18,119976.2327039124,57868.993144256696,43100.3529815227,994141.8881625241
Drought,4,28,33232,12,150819.521907786,74431.99675537497,57816.455746821455,1642201.584445459
Flood,2,3049,4237,9,14274.444615692666,8223.213804814475,5674.596943312511,150385.92078778654
Drought,3,1226,17364,7,49940.77454003899,25602.23101609718,16697.825998716526,418383.18989330105
Storm,1,3655,35394,20,289148.97900234023,139547.266903467,96139.44771167317,2831244.3780445107
Flood,5,455,39232,11,173847.8740280241,85913.08548203736,63298.432733525464,1759990.0516477297
Flood,2,2276,13944,28,169507.06986429874,85302.4969543468,58669.736882101824,1463842.1598432153
Storm,1,165,44648,24,426241.8258833346,206780.77036387904,175267.67155893,4318354.254852091
Flood,1,1420,19981,21,164224.01143122578,83039.90823817435,65835.4185650175,1543007.2986196342
Flood,4,2741,30928,2,23768.6370359576,13525.577553052919,10103.63459402199,226393.13725663803
Flood,1,2258,17332,29,213543.86092733147,109540.12366316757,69231.86613589822,1773631.4145442639
Storm,3,2386,25716,27,264270.09127723833,137476.17164969785,108168.08490028948,2750597.888736068
Earthquake,2,767,24618,17,180212.549173097,76954.52775942245,57197.719354657405,1466579.9573141518
Storm,4,2785,41366,24,412598.65829126973,199159.10332439007,163520.01818382004,3841364.868646176
Flood,3,3692,21882,17,160574.22639147917,67389.6044865053,52893.59382388504,1276318.3246428075
Drought,5,428,36260,21,287794.2931038682,152429.1518620318,108755.88800490876,2599151.4861209025
Storm,4,1913,16401,27,184462.46765195898,91299.35118754784,71372.90678126224,1590333.3302548802
Drought,2,1435,15967,6,36500.447098151395,19471.624206977518,14997.32777136577,335372.85126236815
Earthquake,3,4699,38385,28,446259.2419537816,229463.36303215215,155509.58555054505,4384545.908917406
Storm,3,2775,42233,23,358977.8308729904,183793.52607074945,134234.38570804632,3913184.4042499573
Flood,1,1168,22300,12,116641.9231714179,55780.25757689722,36180.5626920493,1066316.2555863583
Earthquake,2,4691,23090,12,121545.92480897711,52552.115266992856,43068.88941558981,1094050.4944371115
Drought,3,4608,43082,23,357334.6285581902,197863.7633507107,163094.50666181417,3584181.926724057
Storm,4,3864,17585,6,45106.05561956703,20934.572725332728,14932.581106265634,370104.8185832834
Storm,3,518,46698,13,245005.40592343218,112324.31590050853,87231.57977999678,2177717.15545897
Storm,3,334,26669,9,90583.02161949706,46724.20525540758,35217.68675123528,995049.681497274
Earthquake,3,4364,23644,5,43202.66970175338,22778.176286453294,16905.913549022025,447993.01490663324
Drought,5,3405,25489,14,128824.15803265858,73431.55665053512,50131.84424743107,1278375.7668864995
Flood,1,2827,3932,13,20075.02217124225,9874.342029185798,7963.94058776789,203776.378514314
Earthquake,3,2496,8518,28,94377.48977297879,49866.59307067917,37155.96739053087,990730.8129011043
Flood,1,2750,7535,13,42434.877528765675,18244.55814339295,15433.196673424742,375821.92499610165
Flood,3,4364,25192,26,266152.7715455376,141190.0915231488,99610.6263105035,2544456.5075799967
Storm,3,3793,40622,13,210896.49802310966,101608.71640206425,74171.21433861954,2000457.659439707
Flood,2,2768,48884,13,272890.53932887147,132376.048850937,87816.3611316553,2538052.785665473
Storm,4,3416,10079,17,73119.93707824714,34798.75855300727,26454.026366811195,643132.7213570935
Earthquake,5,3056,2933,6,6455.3241820545845,3777.3640363470877,2639.2704949057425,63897.967656117995
Earthquake,2,2745,46479,18,315930.37956420303,154046.09276873787,127627.56878771233,3159357.952146143
Storm,5,2738,36403,27,425443.18570623297,194047.13184089377,136495.22605703454,3900484.7741482845
Flood,3,3943,3485,13,16488.515492880848,8621.503836127653,6300.559283091027,163250.06018297287
Storm,5,4576,25663,2,22458.167192233723,10170.608515119406,7709.677875104323,197073.06366965894
Drought,5,4287,37600,26,378601.9540346709,214980.9761827012,139705.4377906815,3536763.0068092975
Drought,3,1903,13853,11,63700.07291196042,32526.935070461157,25026.344564190687,631632.2059658641
Earthquake,4,4052,37301,27,414722.17934118153,186453.4470616671,155606.77651142734,4179818.0691025676
Flood,3,605,2086,19,14575.857604928706,7235.961268620853,6055.317477159714,159766.70452805166
Flood,2,4011,1311,6,3416.081425739622,1617.5913316310907,1135.453855272164,29923.56917540422
Flood,1,396,33837,5,65715.29753450191,35072.12988238838,26201.16743120977,667942.208965902
Drought,2,1617,15720,15,97253.54010890507,42819.36650502987,36061.00484149295,958493.9372635476
Earthquake,5,897,8499,23,78096.64497091812,41983.39518964325,30710.373752728105,740034.3752006149
Storm,3,4463,11537,25,124071.67767083965,54722.06743230837,43701.325058027796,1024548.2790879088
Flood,3,1992,23480,24,205065.6636782065,120451.92197072339,83480.59792962605,2065691.3804089203
Drought,1,3352,48833,26,533573.1495417961,265483.0699286221,204527.29477474286,4507169.953444622
Flood,1,3825,31936,16,205430.5479110433,94213.57036767957,72091.35409536629,2126798.256192904
Flood,1,3330,10850,27,111888.45326951351,53042.7968336983,46009.805831335885,1136680.2704911225
Drought,5,3470,6797,7,19752.582224997102,9104.332893278955,7413.5644613665645,173092.44139739766
Flood,5,2980,42212,23,398319.13088783476,181907.26225677575,134145.46154364228,3904696.461380183
Flood,2,3407,33432,2,24449.711886196095,13801.76800432778,10649.82004055113,261828.29711293362
Drought,4,4042,38884,21,296146.438880178,165919.03854926454,114314.9640717882,3221876.3143725535
Earthquake,4,1846,40957,13,200696.79296166706,98911.35204336577,84002.84649987576,2015538.8923624658
Drought,3,2010,31062,22,294944.087822006,138693.62040710181,99445.40398712458,2758637.3934652065
Storm,3,1613,17806,5,34938.731467495774,19529.939399077553,12799.617738555231,323150.11209861963
Storm,2,4364,20271,7,61058.23963761484,26657.719610979504,23188.665840531277,505459.1741857356
Earthquake,4,4381,10837,21,99145.56057869465,47125.007002767816,32781.9220525564,807681.0165507868
Drought,4,2050,1852,16,11670.13304705199,6276.743137810593,4126.004324356158,103864.68089235233
Earthquake,5,2125,43399,20,369514.44943877426,168529.238353319,134254.47928874491,3309796.6861974006
Flood,4,2441,24463,7,61888.8268912652,31527.30546558365,24002.15305721947,639200.6446267533
Drought,3,110,22359,16,148085.79841837936,78416.84726238961,58873.22246901632,1404615.8870273863
Earthquake,3,2013,1637,19,11753.481865072901,6664.871444507489,4961.339463161513,116508.67414645487
Flood,4,3470,8797,10,34831.01455166212,19144.021542127586,14390.57523646009,315607.7293644114
Flood,1,4077,37063,18,254471.44709165144,144426.72519348026,102735.54066293749,2636739.311668585
Earthquake,2,3942,47463,18,338845.52850359044,157045.69566084564,138354.6013436681,3515256.851601604
Earthquake,3,4167,46029,6,99796.31004844401,59759.2418466931,39517.433941238036,1112151.4527603793
Flood,1,470,15143,23,143853.38180603922,76142.22557985665,56588.05690551018,1319032.0095901487
Drought,5,936,37520,9,123233.27380819796,70701.41279728091,50872.16822635092,1204806.9105884728
Flood,3,4579,19228,29,204683.61677157108,108003.32237292058,91694.55371318848,2165302.4585921937
Flood,3,1174,15178,12,67575.8670268024,33180.42980963324,24689.61614285812,640248.3618501681
Drought,4,4152,28901,18,200009.03903722254,103692.65356187173,71215.499528473,2012793.2204378846
Drought,3,3464,43068,2,35400.53268444474,15748.060921702745,12562.608768394499,328293.8575284908
Flood,3,2083,49564,24,469349.7272007204,252009.89738488637,181835.38024379933,4850514.7406929685
Flood,4,4555,10862,7,32908.83305149871,14155.753908349461,11694.26609020107,260667.55180398724
Drought,5,2023,20181,11,92988.21876607863,42800.00787841533,33338.90601939588,783521.8688796109
Flood,3,4386,9590,5,18579.19720080806,8667.632264360447,7465.514709259558,197661.38927281785
Drought,2,711,31926,18,207223.58623818262,113156.41897381174,89959.7038218293,2150188.7835719227
Earthquake,1,376,8819,23,79234.67189266183,37953.918752861195,29523.250566750543,758552.8775002882
Flood,5,4238,35890,13,169053.9837316874,94083.6205483357,63727.50063423281,1837010.2790433501
Flood,2,3225,44848,7,125759.99306334193,62052.63902636797,43612.045287042536,1138578.8585623158
Storm,2,687,205,24,2005.0520836855646,1027.1583598561424,755.5270546107428,17064.191383458845
Storm,5,3267,6313,14,34189.033999234736,19275.279925299543,13344.944779474523,343326.8695440504
Storm,3,953,29899,18,233783.48783119838,106747.4334624075,75587.09285668764,1956514.148841342
Flood,4,907,39932,13,225652.68416002952,112806.02910201848,72030.92729952878,1918504.6784381228
Storm,3,2895,27482,16,180497.09844548404,91722.13688015364,65031.35578266307,1599881.9321257097
Drought,5,4940,6894,25,71939.73634395801,36378.4065057545,26749.16670833656,667283.3743550618
Storm,4,342,11660,2,8441.224267190733,4577.154856801178,3302.601072719821,88854.20051649117
Earthquake,2,38,47699,22,381265.0392368197,197568.3972676741,170788.30182345895,3865538.782959639
Flood,3,779,29605,6,76141.29738019877,34871.879787067184,29203.763950333345,692514.6611900979
Drought,1,1470,15782,22,133574.03752337975,67617.63395520399,54890.1548207505,1395891.3025759829
Flood,3,4484,3171,12,15171.719813695934,8215.476003552734,6173.283925301298,132142.21097044466
Drought,3,85,20810,12,94236.40147705769,50363.799993483546,40965.63335220854,878620.9150627269
Flood,3,620,29780,2,24003.066606587858,12092.567983201792,9193.354168842054,203656.2257759161
Drought,4,40,24174,23,211626.74839987163,115678.74169038906,75300.01169803043,1914860.3577027791
Flood,5,1422,35607,13,200087.0673615489,96535.10815140481,73851.65178581487,1810676.935268968
Flood,2,1666,9341,6,21626.774260555652,11924.872026059691,8468.313427440577,227405.25061121242
Earthquake,4,930,21404,19,167324.7578087108,85605.85169385614,62037.58068719072,1467302.1553123724
Flood,3,2878,10807,5,21419.287599687068,11354.862173612024,7509.46655746308,206441.5303993733
Drought,2,341,23344,13,109265.15469810169,66315.84408367272,49322.195527588265,1209420.3385256787
Drought,4,658,37963,18,246870.54879278058,139842.47081402343,111947.11226673219,2794816.3073684564
Earthquake,4,4090,48034,5,90989.50994632723,50086.59160780184,38717.88760681365,841192.7739888794
Earthquake,4,3171,20639,23,187127.14688909517,88499.85594945983,74057.68625403882,1889751.2775904748
Storm,1,1186,24440,17,165345.89492831018,80794.02724031865,60561.1170624304,1581796.949791507
Storm,3,2523,7930,14,40459.53363458047,22444.636520582077,16945.767483294672,456730.3921581868
Storm,1,1564,43838,6,111396.67344180582,52463.38355620271,38144.67997529415,917274.2444879608
Storm,5,868,5619,26,54587.006857259,28911.129244257114,20645.096860408757,573932.3799206408
Earthquake,2,2073,1547,12,7126.33806981309,3840.789021226131,2689.2330902376243,67146.56182880088
Drought,1,4065,38270,20,320305.22569850885,140117.8714593933,118576.52650630208,2744979.22540868
Drought,1,4874,42184,6,109686.70409527421,51465.42035031321,37681.69554586663,1018984.9310308471
Storm,2,2675,42819,17,292287.695885942,137850.27518066045,100968.01164626452,2547828.02269385
Earthquake,3,2082,31107,20,251086.97789787748,118697.90310874824,97098.61020999252,2429636.2916464587
Drought,4,3548,37889,21,293447.4222951601,155422.41352272834,127398.42968667275,3231631.907365065
Earthquake,4,4704,16879,15,96912.62990038737,49380.910952965176,39924.56615711867,965906.8449077477
Storm,4,3211,29042,20,228177.12582911892,126232.63095755009,89520.26571556694,2331191.0046525565
Earthquake,4,1537,14117,27,159793.3881026994,70407.78236400858,60107.3163732236,1325901.009737093
Storm,2,914,20038,11,89573.84493203218,44438.18438035239,30089.192406947783,761350.4336170482
Drought,3,304,32636,21,287609.8281170337,150658.2198490712,106209.28693521016,2590689.788512341
Drought,4,4923,17658,13,98960.66543365427,41886.02589474102,34089.21091726857,817550.2873357529
Earthquake,5,4766,46837,1,18584.85291701706,8953.99693887593,6842.030219087525,165206.82682422167
Storm,3,4501,29383,12,132510.94480935647,67963.8285110292,53878.393866993654,1257201.8963053399
Earthquake,4,4759,39439,17,242208.56191630388,130340.67915012274,92319.17743083238,2414283.8529505893
Drought,5,3969,26569,2,23380.079132281473,9569.48243932594,8191.763596144983,186696.19057268157
Storm,4,4949,5532,11,22259.77024250513,12665.199913943163,8949.856013528582,249673.9498990852
Storm,2,4780,26839,29,337899.3621777857,155158.4424828267,112442.83653950342,3116228.310073849
Drought,2,2175,39320,8,119369.94194273905,68343.3093441679,43454.9139792335,1135351.682105523
Drought,2,4843,19562,8,58722.079042267265,30464.90047229181,21623.70189509835,607525.6714513355
Storm,4,2011,44243,25,449381.808111671,239413.99597486263,167706.3858469144,3913951.8564003627
Storm,2,1628,9555,28,110241.9841427732,57433.57681124395,43293.10655380556,1097658.55762298
Storm,2,4508,2205,9,8345.89705932365,4053.7113211237893,2778.3718400016,79581.37434598008
Drought,4,3120,41394,16,255794.90389599276,122277.3623332179,97132.794893981,2274800.2034540754
Drought,5,1668,12370,14,65329.90930256088,32007.00168039576,27803.376222878487,610469.1809133136
Flood,2,4875,47919,22,452348.6500594619,204136.57238208278,170767.90644582908,4342056.264559356
Storm,1,3448,46528,1,19860.161245405572,10164.716736975353,7363.170180185357,180403.29856761175
Flood,4,758,12278,27,120998.21214556045,64762.30948535124,49173.35532341543,1164814.0425773158
Flood,1,4242,39387,23,354347.50128936354,197548.10646606376,130985.69811413469,3681264.876779151
Flood,3,4869,41761,23,399734.97435535374,187172.3353562026,130178.3311995561,3783250.5751772914
Earthquake,3,2732,4756,14,26006.982402832597,13165.327646439238,9740.287985176696,245333.8596580014
Drought,4,1928,3332,15,19927.425720180843,10452.662236609038,7221.791992054266,183203.44475578202
Flood,5,414,18205,21,140210.23324503383,79290.15007847066,59728.502701007455,1406505.5470576251
Drought,1,1425,44653,9,175242.3146489415,78907.73815947026,59879.87179847521,1385029.4196282164
Flood,1,1479,37593,4,60253.530900685495,28529.324875548704,23659.909710499644,531392.8576513926
Drought,4,807,33647,24,297507.49896018946,167062.03098056494,124410.05513848287,3243406.564536564
Drought,5,852,15899,1,6064.832996520466,3497.3579006183095,2229.994173109521,54281.67617717455
Earthquake,2,2631,20819,26,218273.6735897578,107353.86047416774,88420.65249042433,2119936.07802342
Drought,1,2721,45812,2,36428.26809187313,18161.583102780438,13969.393062392937,336862.5317316742
Earthquake,1,3357,46861,12,230126.5622502083,105554.01474643544,86144.52953805942,2203970.16544777
Flood,5,1024,26808,13,148535.47892169803,76222.90690769245,56351.38628056058,1345610.4740262695
Drought,3,1404,20554,7,59030.310730897894,29105.09117096746,22628.999427702667,520591.4030069994
Storm,1,1085,35518,1,14756.736920967425,7800.665949555259,5091.034110384994,134386.94545874247
Drought,4,4986,43742,29,515837.02823262475,277055.39634971664,196379.3666115636,4823147.794899978
Drought,5,2918,4812,4,7002.855656591016,3735.8296723264684,3093.0989291453056,71339.11723233016
Flood,2,2745,37359,25,391167.50038001104,197903.205722277,133635.5121955976,3809024.04081226
Drought,3,235,26953,24,255440.4626944342,120496.79657146598,105716.3204518646,2579081.6497334884
Drought,2,2813,23042,11,96359.03290678804,50599.23042320003,34791.71440401144,981968.8314961619
Drought,5,2848,47852,26,460449.473559689,250300.17224789687,177995.65886726163,4258016.827932388
Earthquake,4,2748,42417,7,110311.42345944399,65315.86030714945,45627.9221759125,1108326.719038256
Earthquake,4,2299,33834,26,346971.5203522799,169613.5871597802,142684.39196627768,3123995.6552931685
Flood,5,1676,11358,6,28268.88869372071,14943.213051964878,10612.904484972896,277708.3570091731
Earthquake,2,4617,4085,13,21403.953299053144,9708.762445332559,8657.229659819777,211709.87565877818
Earthquake,2,276,17321,27,188827.58462190843,96338.50591571789,73710.42041237411,1813313.7661761667
Drought,4,4657,42870,3,51263.874601157026,26352.57687661097,17401.114267003857,457079.20077326987
Drought,2,2749,13331,11,57769.187061802484,30587.529967520808,22452.75821163581,532715.5324894633
Storm,1,4154,12039,21,93656.98829687602,49267.7161614919,34326.54249353073,903672.9660139586
Flood,5,2384,2372,7,6607.665647851078,2995.341166941278,2283.763716842845,66712.75969323529
Drought,4,2498,10992,23,98069.76185955865,54842.55284123379,35697.44110294744,1028506.2034825936
Storm,3,3752,29923,13,163293.5688368998,73278.35058128122,58782.61281423284,1542215.6918477607
Drought,3,38,25696,16,170248.3697157373,88932.84132031928,64504.40787139071,1629433.0627032078
Earthquake,5,3378,20065,11,95811.37479972036,39809.02420325546,30295.862952727446,793695.8982369042
Storm,3,3750,15310,7,44707.57173046429,21963.041409892303,17588.380321859186,410421.19020115066
Flood,4,2512,46332,1,18751.993565379384,9271.558497105618,6455.580935516192,173334.6895221433
Flood,1,2926,29111,1,10499.74518310676,6126.125806785782,4552.681771511615,107238.48448256557
Earthquake,5,2989,23624,26,232921.18991320205,118508.98329392074,86307.30864687236,2360610.642162998
Flood,4,1709,25705,20,189875.1901247237,106028.01185708655,74665.04605211697,2042194.038559574
Earthquake,4,2218,14705,24,151932.28778199377,64625.00211320394,55127.55375523834,1448019.780740167
Drought,5,1765,619,24,5946.01743309657,3067.533331368253,2412.287276343171,60433.65209810445
Storm,2,2615,6356,27,71651.70917440561,32860.17514523642,24454.13135744459,630876.8029829472
Storm,3,4856,26305,3,30128.581565483615,14575.60630881438,11250.118189831259,323828.69946858316
Flood,1,3422,16540,23,148090.75782842314,80757.18610679796,57328.756648764036,1329521.5505386782
Earthquake,4,4321,48175,11,199055.0477862159,97225.31082672278,81165.080066263,1828093.2598091424
Flood,2,4978,36539,25,355982.73632869316,182757.08582670876,143200.03605525038,3190052.043491639
Flood,3,1139,19748,28,242087.23235630064,105852.09255958964,75827.04718327112,2028288.3349246571
Storm,3,1597,42882,1,18627.2262919873,9344.611204792163,5878.227474812879,160893.4772891634
Earthquake,5,4082,12141,28,140811.39876319037,64273.753878625765,52032.25070942878,1337514.5296766215
Drought,3,4733,25279,10,94837.81896024426,54524.15290675513,37394.77981375404,899019.3968258051
Storm,4,3698,8891,2,6742.037954386742,3498.052640380118,2534.570886776299,64889.534940610865
Storm,5,1098,12677,24,120283.9285583432,58984.179586740145,47886.67701901557,1242210.2186847914
Drought,4,799,19959,18,152117.06552856107,68678.59518358846,55466.80268735307,1461332.7930878769
Earthquake,4,320,46640,16,306482.75507278525,141881.15344612845,113173.91870078708,2840098.2302010916
Storm,1,3578,47790,19,328165.3585515021,182219.6750086899,137007.06869441748,3368687.8405507435
Storm,4,1318,49638,20,420846.73395858455,210585.72686894063,146390.2483429438,3594928.7483461713
Drought,2,1449,22653,19,167303.28773476754,87975.9370475374,63043.66467677918,1565400.6120907213
Drought,4,2148,11756,22,102611.64618424141,55015.821378820416,42130.54576337669,987748.750018728
Drought,4,4273,17040,4,27254.17797802596,13464.783813666887,9647.925036868399,238917.95705303008
Earthquake,1,655,15507,15,88031.40154840896,44578.25005657959,36790.67385174565,805667.8917287039
Earthquake,5,3206,42420,26,466454.2913319589,199288.29321321636,167081.9446228234,4473253.220374439
Earthquake,4,1115,43309,24,387079.2391241323,214720.50576772995,162423.27890195083,3680733.1708472283
Flood,3,3257,19076,26,183044.64273364094,100587.64698174097,79780.37556307431,1868674.953338006
Flood,2,4702,18924,28,222444.38283682463,116566.574416691,83056.34230476349,1850809.57851737
Drought,1,3296,5290,24,45720.10739498658,25135.964099470264,20327.045402576645,487493.71992746904
Earthquake,1,2117,7136,17,49477.705759403434,24756.510320214897,16611.86148113353,502559.1652856653
Storm,5,1475,20593,4,31184.653070978642,17730.72965709296,11931.390846418586,287636.45830903924
Drought,4,4551,45871,16,311586.8418238812,136715.1693987966,99412.12753113145,2673893.2235520864
Storm,2,1712,18485,1,7367.233967122235,3699.3169503809077,2670.677210303955,73173.5170454584
Storm,1,4651,39391,14,236056.46909835679,111409.77676456448,88112.66651341504,2005298.6886986475
Flood,5,4697,48980,28,599221.7917092352,264021.1054652838,189178.266040406,5218741.447595592
Flood,3,3877,37955,3,45868.58715584107,24086.5445036417,18166.37793377868,470449.12498553126
Drought,5,4822,6558,18,49805.07808676272,21493.793404799344,15981.345563844898,473206.18234584614
Flood,2,3374,49124,4,79155.98608199198,42724.119475701125,30049.81804696394,789763.9166761531
Drought,2,811,41102,10,179723.2774276256,77522.79532795574,65489.105965284354,1461510.1352505113
Storm,4,1790,33451,16,229198.51078068223,104637.39605609438,77443.52200894998,2202100.7596681565
Flood,2,2204,48606,11,199297.60203689494,116942.6217055603,86852.47093780509,1888911.5054086982
Storm,2,1959,19756,14,103854.49982467742,54390.630027060484,41063.1931835248,1067600.7870841436
Storm,4,1913,26058,17,183921.53907375626,90412.39909972326,61228.37537348972,1679441.3408032448
Drought,1,3185,38115,7,97584.60573708915,57725.9894451724,43684.78299704121,924566.9172742763
Flood,4,2080,13458,13,67391.60984327478,33635.94781474472,24418.10363656424,630941.7658180124
Flood,5,2856,26808,22,227823.5962336851,112881.07993749462,88082.16684869978,2089719.0821979332
Storm,2,3237,23048,9,74837.8045132468,37961.07581996681,31336.711137731574,840788.7923991932
Earthquake,3,2327,36489,12,170180.69241208176,81432.92845693906,65811.36440126527,1644264.8327528324
Earthquake,5,1303,35333,17,259304.69293186927,127501.29674031826,81155.12110885764,2191682.9009967307
Storm,1,4040,41312,19,336504.3845108952,161031.84557992188,123928.70034879052,3128573.704299235
Storm,1,4333,15348,14,91990.81467510056,42828.856409487016,31689.778112761654,891017.295774397
Earthquake,4,2348,9368,15,54854.50412544957,29537.643579598804,21804.460900209193,535187.1689220109
Storm,4,4665,10067,27,102423.63661114617,55078.16463456417,41713.59728872545,934056.687830067
Flood,4,86,9059,26,90832.5230789301,43277.20675166041,34815.07508864794,825303.389071843
Earthquake,1,3158,11440,26,120625.83143315882,58092.758826622325,46910.94995274615,1082049.8112965084
Flood,1,151,17376,16,101130.30886880722,56340.75287409516,43898.40594761508,975789.6702054238
Flood,3,3384,45779,16,307794.68242244533,145724.39523713136,108699.97567656882,2499073.4676150433
Drought,4,2234,34978,11,154178.4337422057,74166.62817480006,63126.874100371846,1582448.009370287
Storm,4,1824,42801,1,18320.298600171664,8413.524421083157,5922.442058911262,148252.0572882793
Drought,1,949,22784,25,221167.71123367554,105546.17264834282,88383.96596614475,2159683.8535856656
Flood,1,3424,19610,29,226143.26121432806,105944.02582941044,77303.1940496616,2344882.6018899106
Earthquake,1,2719,21705,22,207373.3389304539,97025.01079019562,74019.35308937784,1956150.1341337943
Flood,1,740,16028,27,169363.3204385034,84278.41610321034,67380.44446395786,1601023.1189379035
Earthquake,3,2168,15322,12,76132.82569632433,34924.78583215678,24907.127062053918,649543.8087677306
Storm,2,2336,2910,21,22177.676707213453,13205.973945522113,8384.241556347883,249536.32308678544
Flood,4,3483,11414,9,42737.75412044661,20141.747573932713,14103.157377224596,406913.5098298526
Drought,1,4769,28167,19,221206.6462615271,102416.87666160338,81653.13643766945,2060781.7370494998
Drought,3,411,38479,16,248122.05493254657,127162.31400345918,97594.5373610902,2281262.369671511
Drought,1,4231,6549,25,67955.29140640254,34611.50977032791,26009.130092559964,574522.3794645002
Earthquake,5,4494,25292,3,30154.63187941824,14485.62037609974,11298.432821504006,309467.34579249565
Storm,1,1731,15804,16,91338.00069341395,48385.48098522564,37448.51401459574,982701.3959728312
Earthquake,3,4177,32261,2,24027.180760280025,12086.062121157025,9417.077972944202,240915.78812925788
Drought,5,4467,22720,1,8285.121188116502,4926.752695108007,3663.2026296992076,87217.93414443772
Earthquake,4,4824,33887,2,27912.59788583935,12249.088844686537,10479.204130876076,262608.5913491627
Earthquake,2,3013,29356,20,246872.4168344317,116304.10465037363,80021.5842351435,2137626.2816171315
Flood,5,4848,38740,6,83848.83523877812,43711.72829813645,38066.867383894685,899739.2577806496
Drought,2,114,40301,10,173503.40801220218,79246.49447273758,63115.396533227606,1653002.6504461172
Storm,3,3544,22328,20,188901.19758562677,85936.66136527105,64664.92366650335,1524856.9924898336
Flood,4,456,32976,29,381899.45324565703,202135.11696641258,145853.37855422872,3317324.8456979906
Flood,1,4674,5205,11,24057.796049209905,12393.626229921594,8681.21980449234,217886.79397967044
Earthquake,2,374,34668,7,101657.05304602027,51197.366860776325,37538.60143395436,913323.0242509977
Earthquake,4,3883,17670,15,111401.86596999335,50031.465352780884,39304.582374214486,1026852.625129999
Drought,3,4517,37698,21,341376.90524879034,151059.38497818212,126414.17185435469,3007406.7841612566
Earthquake,4,2642,23496,20,196610.35953530198,92309.823628004,72309.68049535369,1849548.6738273404
Flood,3,3390,28443,27,304619.61390882253,146293.99266062028,109244.70638785811,2896857.6993431114
Drought,3,796,248,27,2601.471262664973,1232.3178270493972,1097.1841093952203,26117.88008206912
Storm,4,934,9895,12,44026.39122093152,22868.398107849134,17759.339694214905,447453.36314667
Earthquake,2,3170,29481,26,332021.3427236959,141437.31112651838,120895.43658858823,3050666.388190706
Drought,3,3584,22311,9,75894.94534957802,39882.74289332206,28704.754199887204,795640.468088709
Earthquake,2,4464,22217,14,134743.73518728232,59636.542805688456,46568.867639053125,1162824.5386255288
Earthquake,4,1795,45898,24,476093.76027906314,236708.59445097257,151064.36276535963,4464781.212899196
Flood,4,4900,33192,25,305443.6584637805,149740.1514336434,125680.70239351396,3438159.695356457
Flood,3,374,19897,28,243885.48348546715,119430.6271776232,77049.43898171077,2297380.91750128
Storm,3,2265,30724,29,375262.10916999076,170525.506271396,144010.12413437388,3283287.2716017975
Flood,3,2943,49178,14,284314.2352150649,135882.1269422512,109871.50565487651,2817326.9431959353
Earthquake,4,635,28539,27,328283.83114538447,140425.64988639494,115123.11081456355,2937175.239942269
Flood,4,1190,24412,1,10415.54519219407,5301.707900116237,3755.8517429861477,90458.01922403504
Flood,4,2680,13117,16,91084.06096639867,44372.55823292631,30383.880132149414,844728.3707827695
Storm,5,1759,32642,22,263100.7517694791,130657.28228415897,106597.32902503625,2688547.512078622
Storm,5,4547,13191,2,9808.727560458308,4780.140081818969,3618.3428012109875,103048.65892779957
Flood,4,266,47442,1,19243.661279704404,8641.231165635785,6604.636620681568,183969.15926054295
Earthquake,1,4674,24084,16,147463.6635782212,83980.71772547925,61760.59466353345,1523394.5947724169
Drought,1,2850,356,10,1560.2100040131945,663.3732813255032,532.6615648275525,13108.41711850331
Storm,1,1985,3316,28,35601.08154284586,18099.93877728759,14400.641025375791,321345.95119974064
Storm,3,986,40213,5,87935.6257495793,40426.89248527264,28973.150985175464,740115.3372857441
Storm,5,3785,2521,16,16634.266697543364,7974.807855198709,6593.6245373058,144916.02666243628
Flood,1,3654,16242,19,115879.51503575577,58196.210974040536,48494.48539927908,1095423.5293206428
Storm,1,4342,12102,21,93132.03263726145,55837.75216217278,40283.417345332375,1043111.7390253729
